subject,session,index,side,iris_reference_nonempty,predicted_nonempty,dice,iou,recall,precision
101,1,10,L,True,True,0.9403555207988691,0.8874254896395117,0.9858106829791259,0.8989074180563542
101,1,10,R,True,True,0.9317879191381189,0.872287381721344,0.9749841671944268,0.892256867972644
101,1,11,L,True,True,0.9507066293438929,0.9060446353048344,0.9810483302804002,0.9221854304635762
101,1,11,R,True,True,0.951018230882676,0.9066108285970685,0.9783085861846352,0.9252091092252275
101,1,12,L,True,True,0.9207934603688307,0.8532133809006773,0.9771435338702037,0.8705882352941177
101,1,12,R,True,True,0.9294734796969109,0.8682395644283122,0.9848253146688625,0.8800126136542807
101,1,13,L,True,True,0.9201619313455459,0.8521295535469734,0.9783411949685534,0.8685138011655092
101,1,13,R,True,True,0.8679222956315945,0.7666631824675099,0.977868633899209,0.7802006878700848
101,1,14,L,True,True,0.9415750109986801,0.8896001330118879,0.9932705248990579,0.89499435453519
101,1,14,R,True,True,0.9318380536019768,0.8723752580254822,0.9800487785374435,0.8881481213087431
101,1,15,L,True,True,0.914767347881307,0.8429228019405907,0.9994953827521824,0.8432816757493188
101,1,15,R,True,True,0.9013206707226592,0.8203673689897353,0.9871286485080933,0.8292376583660988
101,1,1,L,True,True,0.9268972728064825,0.8637544657356284,0.9886617100371747,0.872396260455962
101,1,1,R,True,True,0.9457447762532508,0.8970738346376318,0.9857917367732286,0.9088245432609445
101,1,2,L,True,True,0.9343856107185464,0.8768515328970031,0.9908524717789023,0.8840076402153152
101,1,2,R,True,True,0.9366543135396018,0.880855892365051,0.9493361285814116,0.9243068549072971
101,1,3,L,True,True,0.9210263849850394,0.8536134453781513,0.9833494675701839,0.8661323328785812
101,1,3,R,True,True,0.9273209549071618,0.8644906033630069,0.9891353553644183,0.8727781106450969
101,1,4,L,True,True,0.9355046343975283,0.8788245253355907,0.9833558863328823,0.892094279400933
101,1,4,R,True,True,0.941867975713732,0.8901233060676352,0.9859364435429344,0.9015704216643996
101,1,5,L,True,True,0.9391479369339147,0.8852770048064761,0.9707350901525659,0.909551656920078
101,1,5,R,True,True,0.9316429224937917,0.8720332762417421,0.968609865470852,0.8973939317638172
101,1,6,L,True,True,0.925744959053059,0.8617552850736707,0.986506306834849,0.8720342279268767
101,1,6,R,True,True,0.9426202321724709,0.8914680050188206,0.9845834055084012,0.9040878002226818
101,1,7,L,True,True,0.9298527443105756,0.868901676257193,0.9773921200750469,0.8867234042553191
101,1,7,R,True,True,0.9214989428224392,0.8544256277634104,0.97218794494542,0.8758337609030272
101,1,8,L,True,True,0.9410281280310379,0.8886242901630336,0.9705882352941176,0.9132153614457831
101,1,8,R,True,True,0.9302917306426848,0.8696686351706037,0.9797634448345962,0.885575879061221
101,1,9,L,True,True,0.9193530270695272,0.8507431659910613,0.9810619681169843,0.8649476910070802
101,1,9,R,True,True,0.9147992264816289,0.8429769392033543,0.9697335101893163,0.8657551943158575
101,2,10,L,True,True,0.9345970986224552,0.8772240974884147,0.9802454929037208,0.8930110658124636
101,2,10,R,True,True,0.9374399057101207,0.8822464825734135,0.9897177287314166,0.8904077303794485
101,2,11,L,True,True,0.9452146827093385,0.8961204400694847,0.9724770642201835,0.9194391634980988
101,2,11,R,True,True,0.9394790527156077,0.8858656258712015,0.9584942084942085,0.9212036875978431
101,2,12,L,True,True,0.924999026972327,0.8604634322954381,0.9831223628691983,0.873364692047626
101,2,12,R,True,True,0.9014883061658399,0.8206451612903226,0.9840123775141826,0.8317349607672189
101,2,13,L,True,True,0.9330005845586582,0.8744152724514307,0.9801596674382351,0.8901711785147368
101,2,13,R,True,True,0.9218110800379041,0.854962486602358,0.9922874060805096,0.8606819162710402
101,2,14,L,True,True,0.8934775692014,0.8074644890447984,0.9968761093361732,0.8095128279042952
101,2,14,R,True,True,0.6530308295685846,0.48481497862302814,0.9692012967875037,0.4924009882458636
101,2,15,L,False,True,0.0,0.0,0.0,0.0
101,2,15,R,True,True,0.9160423984333717,0.845090617114017,0.9873358348968105,0.8543514814170581
101,2,1,L,True,True,0.9344045368620038,0.8768848678375022,0.9770705673057917,0.8953088208657852
101,2,1,R,True,True,0.9268341911393683,0.863644912544668,0.9913644214162349,0.8701913966268713
101,2,2,L,True,True,0.9382533305138507,0.8836885082652858,0.970048097944906,0.9084766584766585
101,2,2,R,True,True,0.8748564867967853,0.7775510204081633,0.9881844380403458,0.7848477912565804
101,2,3,L,True,True,0.9272583737453479,0.8643818334735072,0.9709494567784601,0.8873300237427153
101,2,3,R,True,True,0.9361221028829847,0.8799149840595112,0.9983120327947914,0.8812260536398467
101,2,4,L,True,True,0.9435186550656245,0.8930764935790061,0.9736721960127834,0.9151766557001859
101,2,4,R,True,True,0.9420046396288297,0.8903674580371994,0.9746730673729515,0.9114551083591331
101,2,5,L,True,True,0.9416085750693352,0.8896600566572238,0.9847914706804641,0.9020537124802528
101,2,5,R,True,True,0.9267477928895251,0.8634948866162739,0.9976027397260274,0.8652903609089558
101,2,6,L,True,True,0.9071320836026718,0.8300473186119873,0.9884949518666354,0.8381445351383635
101,2,6,R,True,True,0.9128845296477931,0.839730971128609,0.9963020630595563,0.842356425868027
101,2,7,L,True,True,0.902487846725765,0.822303282959875,0.977897128692419,0.8378761061946902
101,2,7,R,True,True,0.8517897091722595,0.7418412079883098,0.9928292046936115,0.7458374142997062
101,2,8,L,True,True,0.9193426042983565,0.8507253158633599,0.9869706840390879,0.8603880738286797
101,2,8,R,True,True,0.9043349074123203,0.8253753026634383,0.9976586279559823,0.8269771955361475
101,2,9,L,True,True,0.9424506654428637,0.8911647283457733,0.986075098434649,0.9025226333831414
101,2,9,R,True,True,0.9283358034134914,0.8662562455389008,0.9720664797757309,0.8883703907036326
111,1,10,L,True,True,0.9153469387755102,0.8439075788364567,0.9832514907050158,0.8562156383628589
111,1,10,R,True,True,0.9203333199146572,0.8524235645041014,0.9890119397819692,0.8605736655875932
111,1,11,L,True,True,0.8925494761350408,0.8059497529696206,0.9664691793772847,0.8291337731156051
111,1,11,R,True,True,0.9348713250603814,0.8777074048010008,0.9609622463830152,0.9101597340468661
111,1,12,L,True,True,0.9277071051815079,0.8651620370370371,0.9567562625708539,0.9003699561214833
111,1,12,R,True,True,0.899705833379586,0.8176957223567393,0.9555529356283895,0.8500262191924489
111,1,13,L,True,True,0.9271598480885999,0.8642106155672376,0.969790675547098,0.8881192001045615
111,1,13,R,True,True,0.8608200036771465,0.7556488056810846,0.9824266904474637,0.7660026994969119
111,1,14,L,True,True,0.9325401847867358,0.8736068294996443,0.9715189873417721,0.8965685081528353
111,1,14,R,True,True,0.9233017563088807,0.8575306607203451,0.9599522465812893,0.88934694082751
111,1,15,L,True,True,0.9108021498322021,0.8362136866978641,0.9942158320938688,0.8403017040692802
111,1,15,R,True,True,0.00958318305940543,0.004814661420583972,0.13859910581222057,0.004963176432917067
111,1,1,L,True,True,0.9115187819792837,0.8374226094932355,0.9897018970189702,0.8447837150127226
111,1,1,R,True,True,0.939689578713969,0.8862400669176077,0.9814729041222788,0.9013185878349639
111,1,2,L,True,True,0.9319318036149211,0.8725396063370139,0.9861638632664135,0.8833535844471446
111,1,2,R,True,True,0.9285714285714286,0.8666666666666667,0.9835022389818525,0.8794520547945206
111,1,3,L,True,True,0.8664269543214809,0.7643327067669173,0.9984653161448741,0.7652317101858386
111,1,3,R,True,True,0.0022185246810870773,0.001110494169905608,0.013745704467353952,0.0012066365007541479
111,1,4,L,True,True,0.9336883268158749,0.8756242197253433,0.9885482734319944,0.8845971937568974
111,1,4,R,True,True,0.861729590190384,0.7570517363571935,0.9710909090909091,0.7745069605568445
111,1,5,L,True,True,0.8264252008672364,0.7041947402738535,0.9735576923076923,0.7179259915798804
111,1,5,R,True,True,0.9221568077749743,0.8555574822264609,0.9781919111816019,0.8721937422662188
111,1,6,L,True,True,0.9318181818181818,0.8723404255319149,0.9798538415958917,0.888272157564906
111,1,6,R,True,True,0.9275738228252195,0.8649302325581395,0.9128215197329668,0.9428107888866356
111,1,7,L,True,True,0.921494392456604,0.854417803682607,0.9715318572074108,0.876358695652174
111,1,7,R,True,True,0.9103683761244993,0.8354827045920212,0.9651907546644388,0.8614390456070585
111,1,8,L,True,True,0.9221525139171158,0.8555500901787179,0.9824891734136697,0.8687978687978688
111,1,8,R,True,True,0.9058544839255499,0.8279104292960534,0.9704176334106729,0.8493463637517451
111,1,9,L,True,True,0.8995393074751078,0.8174206617150573,0.9750322164948454,0.8348965517241379
111,1,9,R,True,True,0.8987688098495212,0.8161490683229814,0.9621087314662273,0.8432536499278036
111,2,10,L,True,True,0.9248567570526623,0.8602172437202987,0.9774743500732855,0.8776146280648289
111,2,10,R,True,True,0.9293572268733135,0.8680367067338762,0.9798657718120806,0.8838005000657981
111,2,11,L,True,True,0.9385774586768709,0.8842637329963577,0.9826532298034033,0.8982858868836366
111,2,11,R,True,True,0.9043392060559636,0.825382464221089,0.971066382814012,0.8461927649886163
111,2,12,L,True,True,0.9247827389871142,0.8600891861761427,0.9563061667183143,0.8952712503626342
111,2,12,R,True,True,0.9306806282722513,0.8703486094790442,0.9724288840262582,0.8923694779116466
111,2,13,L,True,True,0.9049103237095363,0.8263344484945324,0.9880589885963341,0.8346698945881879
111,2,13,R,True,True,0.9181932184218938,0.8487589780889172,0.9861096440266188,0.8590292155509547
111,2,14,L,True,True,0.9372125671685143,0.8818438553338799,0.9748728536180069,0.9023537636914473
111,2,14,R,True,True,0.9047172413793103,0.8260124924440863,0.9772930448775254,0.8421755431154024
111,2,15,L,True,True,0.0,0.0,0.0,0.0
111,2,15,R,True,True,0.9188776584544115,0.8499293957247894,0.9543988189622177,0.8859056996396488
111,2,1,L,True,True,0.9111504424778761,0.8368010403120937,0.9925449871465296,0.8420937840785169
111,2,1,R,True,True,0.8990925986662294,0.8166832174776564,0.9868010559155268,0.8257028112449799
111,2,2,L,True,True,0.9129550079131811,0.8398502495840267,0.984397854705022,0.8511804384485666
111,2,2,R,True,True,0.8830423940149625,0.7905782540745702,0.9768275862068966,0.8056882821387941
111,2,3,L,True,True,0.8903930131004367,0.8024399842581661,0.9960918417195896,0.8049743387287801
111,2,3,R,True,True,0.9153976311336718,0.84399375975039,0.9261936465664827,0.9048503995539863
111,2,4,L,True,True,0.9173998044965787,0.8474040632054176,0.9961082611003007,0.8502189340178167
111,2,4,R,True,True,0.91048399332423,0.8356774822448128,0.9840931452935389,0.8471202710333146
111,2,5,L,True,True,0.909073470170727,0.8333040267276244,0.9901796907647304,0.8402482269503546
111,2,5,R,True,True,0.8593265396544085,0.7533501650805982,0.9630089374379345,0.7758
111,2,6,L,True,True,0.9380890477738056,0.8833970925784239,0.9886966946394931,0.8924099551708147
111,2,6,R,True,True,0.9392290249433106,0.8854211201368106,0.9879154078549849,0.8951159775248523
111,2,7,L,True,True,0.9278191014578995,0.8653568653568654,0.9837223974763407,0.877927927927928
111,2,7,R,True,True,0.9040063919643876,0.8248281607998333,0.9901237654706838,0.8316706920088207
111,2,8,L,True,True,0.9481178801386825,0.9013537374926427,0.9775309587642027,0.9204231277797812
111,2,8,R,True,True,0.8785685015708237,0.7834348355663825,0.961866307761328,0.8085480829666876
111,2,9,L,True,True,0.9348706762231225,0.8777062609713283,0.9568767542740495,0.9138540270500792
111,2,9,R,True,True,0.9352044731937288,0.8782948929159803,0.9690979322881164,0.9036016949152542
113,1,10,L,True,True,0.9417347069636216,0.8898852803360802,0.9918955425484016,0.8964029947916666
113,1,10,R,True,True,0.9127141258500473,0.8394426411210514,0.990471742176553,0.8462766381993775
113,1,11,L,True,True,0.940954095409541,0.8884922658507565,0.9792974238875878,0.9055002165439584
113,1,11,R,True,True,0.9227053140096618,0.8565022421524664,0.9881173712715221,0.8654159292035398
113,1,12,L,True,True,0.9287768857596703,0.8670246873998076,0.9805112400290066,0.8822282032460648
113,1,12,R,True,True,0.9288038383058512,0.8670716639209226,0.9371244157578456,0.9206297146605444
113,1,13,L,True,True,0.9460227272727273,0.8975741239892183,0.9952832391537851,0.9014084507042254
113,1,13,R,True,True,0.8683588433343681,0.7673446995273464,0.9887976507694818,0.774074074074074
113,1,14,L,True,True,0.9371039290240811,0.8816515128931286,0.993227359229822,0.8869839048285514
113,1,14,R,True,True,0.940857596611964,0.8883202047262986,0.968608301360307,0.914652723455062
113,1,15,L,True,True,0.925998789346247,0.8621952937861068,0.9640268879319399,0.8908570319324468
113,1,15,R,True,True,0.9171350736232284,0.8469524234125215,0.8927828130245049,0.9428530913216109
113,1,1,L,True,True,0.9325749496385828,0.8736678507992895,0.998984513835999,0.8744444444444445
113,1,1,R,True,True,0.9491408142082804,0.9032045654082529,0.9853927203065134,0.9154616240266963
113,1,2,L,True,True,0.9417549167927383,0.8899213724088635,0.9823776959495003,0.9043583535108959
113,1,2,R,True,True,0.937637241985068,0.8825961140967342,0.9969647443380808,0.8849740932642487
113,1,3,L,True,True,0.9291680225621,0.8677066450567261,0.9972060535506403,0.869821283509342
113,1,3,R,True,True,0.9392305807400148,0.8854238854238854,0.9793050587634133,0.902306967984934
113,1,4,L,True,True,0.9249243743697864,0.8603342428376535,0.9931102362204725,0.8655000857780065
113,1,4,R,True,True,0.8886283704572099,0.79957805907173,0.9910655916321639,0.8053833894103064
113,1,5,L,True,True,0.9280766096169519,0.8658049800418172,0.9880694143167028,0.8749519784863619
113,1,5,R,True,True,0.9433231960188001,0.8927263212977499,0.9748571428571429,0.9137653990358865
113,1,6,L,True,True,0.9434401288705925,0.8929357953582924,0.9870786516853932,0.9034967432293453
113,1,6,R,True,True,0.9427265965359686,0.8916582914572865,0.9783855315394795,0.9095755587451302
113,1,7,L,True,True,0.9521628813664212,0.9086935979210962,0.990600051506567,0.9165971643035863
113,1,7,R,True,True,0.9163614163614163,0.8456338028169014,0.9775954148756024,0.8623463173618292
113,1,8,L,True,True,0.9374070569149655,0.8821882951653944,0.9618532390067971,0.9141727092946605
113,1,8,R,True,True,0.9437416777629827,0.8934762054837693,0.9778109910324212,0.9119665451426121
113,1,9,L,True,True,0.928855686657823,0.8671620388476079,0.9808316130934828,0.8821111258453787
113,1,9,R,True,True,0.8765595463137996,0.7802456671714623,0.9222354813046937,0.8351945244956772
113,2,10,L,True,True,0.9145436395989758,0.8425429828068772,0.9854096520763187,0.8531864928334278
113,2,10,R,True,True,0.9245211534413807,0.8596367621731642,0.9741838183108588,0.8796763598493952
113,2,11,L,True,True,0.8773701762744164,0.7815311492106604,0.9785334750265675,0.7951640759930916
113,2,11,R,True,True,0.928052805280528,0.8657635467980296,0.9591813530415009,0.8988811933937134
113,2,12,L,True,True,0.91501077328226,0.8433362753751104,0.9992156862745099,0.8438948995363215
113,2,12,R,True,True,0.9397802973485684,0.8864014647137151,0.9937488337376377,0.8913716629006612
113,2,13,L,True,True,0.9250310794011134,0.8605189058728882,0.9919434301280937,0.8665755228112816
113,2,13,R,True,True,0.9211302397096262,0.8537918788841643,0.9758598590044862,0.8722134708100625
113,2,14,L,True,True,0.8962956664682709,0.8120795028503929,0.9764110164258367,0.8283304520928283
113,2,14,R,True,True,0.9056823559389902,0.8276229126471958,0.9913140489282014,0.8336684090604477
113,2,15,L,True,True,0.9337603617181612,0.8757509364619408,0.963680199097838,0.9056424499342202
113,2,15,R,True,True,0.9440224377702466,0.8939796370075255,0.98326334367963,0.9077934483339889
113,2,1,L,True,True,0.9137889398695968,0.8412627834593153,0.9997357992073976,0.841449855459195
113,2,1,R,True,True,0.9198202459791863,0.8515436829428509,0.9798437893675989,0.8667260976153331
113,2,2,L,True,True,0.9282750444576171,0.8661504424778761,0.9906376518218624,0.8732991300468437
113,2,2,R,True,True,0.9203987084093781,0.8525357607282185,0.9829085457271365,0.8653643083421331
113,2,3,L,True,True,0.90595340811044,0.8280757097791798,0.9971509971509972,0.8300395256916996
113,2,3,R,True,True,0.9309021113243762,0.8707360861759426,0.9840223180319554,0.883223309811063
113,2,4,L,True,True,0.9234567901234568,0.8577981651376146,0.9948925303256012,0.8615923332104681
113,2,4,R,True,True,0.9152443187359797,0.8437331415213091,0.9828236279849183,0.8563606497536047
113,2,5,L,True,True,0.8864027538726333,0.7959814528593508,0.9815756035578145,0.8080543933054394
113,2,5,R,True,True,0.8943366246737033,0.8088688154383084,0.985,0.8189565578881729
113,2,6,L,True,True,0.8977667493796526,0.814497973885637,0.9964197190856513,0.8168886881914653
113,2,6,R,True,True,0.9331052831622957,0.8745992162451015,0.982982982982983,0.8880448544040513
113,2,7,L,True,True,0.9218451593947407,0.8550211200436026,0.9957156458267217,0.8581783369803063
113,2,7,R,True,True,0.9048113534094843,0.8261694058154235,0.9734842842246387,0.8451888256595965
113,2,8,L,True,True,0.9228329080753052,0.8567221510883483,0.980941210966134,0.8712239583333333
113,2,8,R,True,True,0.9348762968874701,0.8777161696388431,0.9365206267988487,0.9332377310388783
113,2,9,L,True,True,0.9237548848424378,0.8583127317676144,0.9958766583004661,0.8613738564118468
113,2,9,R,True,True,0.8817204301075269,0.7884615384615384,0.9818181818181818,0.8001445608962776
115,1,10,L,True,True,0.9395122300612399,0.8859246251519655,0.9802705328450788,0.9020079768945124
115,1,10,R,True,True,0.942083288727117,0.890507994333131,0.9884678747940692,0.8998568409571205
115,1,11,L,True,True,0.9232410256410256,0.8574258934694811,0.9663345929233941,0.8838268792710706
115,1,11,R,True,True,0.9248528147119137,0.8602104226911955,0.9703636868406441,0.883419689119171
115,1,12,L,True,True,0.91760489569598,0.8477541075779347,0.9605719544135344,0.8783171521035599
115,1,12,R,True,True,0.9453027465667915,0.8962787600798994,0.9847191741851581,0.9089203991297171
115,1,13,L,True,True,0.9307064938266533,0.8703938520653218,0.9792495244682691,0.8867488745351341
115,1,13,R,True,True,0.9213420034997516,0.8541558181454035,0.9799632352941177,0.8693383342166415
115,1,14,L,True,True,0.9189476738562724,0.8500492081954013,0.9121543778801844,0.925842915610992
115,1,14,R,True,True,0.9314208560556909,0.871644240236298,0.9554971938408404,0.9085280333869258
115,1,15,L,True,True,0.9187676304654443,0.849741143858791,0.9921938216954639,0.8554602536217015
115,1,15,R,True,True,0.8930895386155522,0.8068308772676491,0.9694451546918946,0.8278836181014247
115,1,1,L,True,True,0.949021392808375,0.9029883066262451,0.9747545582047685,0.9246119733924612
115,1,1,R,True,True,0.924350425385146,0.8593415989739205,0.9997513056453619,0.8595253367543297
115,1,2,L,True,True,0.9281166801713161,0.8658747300215983,0.9838036809815951,0.878396143733567
115,1,2,R,True,True,0.8483762125685365,0.7366782640542026,0.9860294117647059,0.7444485566247224
115,1,3,L,True,True,0.941617096276713,0.8896752706078268,0.9715844510115935,0.9134430433853388
115,1,3,R,True,True,0.8928294071964794,0.806406359597849,0.9905226881102814,0.8126767200754006
115,1,4,L,True,True,0.9174969410942143,0.8475698369126433,0.9836956521739131,0.8596462495905667
115,1,4,R,True,True,0.8874857493642024,0.7977297808607914,0.9913793103448276,0.8033021114462613
115,1,5,L,True,True,0.8770657672849915,0.7810482054362516,1.0,0.7810482054362516
115,1,5,R,True,True,0.9299115807634246,0.8690044336960903,0.9773345421577516,0.8868778280542986
115,1,6,L,True,True,0.9133089133089133,0.8404494382022472,0.9707081942899518,0.8623188405797102
115,1,6,R,True,True,0.9399509803921569,0.8867052023121387,0.9799829642248722,0.9030612244897959
115,1,7,L,True,True,0.9199518349824617,0.8517692680562288,0.9535489472541784,0.8886416506523718
115,1,7,R,True,True,0.8934035122239166,0.8073435277382646,0.9910509658408818,0.8132724341751746
115,1,8,L,True,True,0.9307502641775273,0.8704704177098432,0.9605932819543406,0.9027056572834108
115,1,8,R,True,True,0.9235327635327635,0.8579292822358671,0.9880516947086077,0.866923406076166
115,1,9,L,True,True,0.9218889883616831,0.8550965331118954,0.9710042432814711,0.8775031955688113
115,1,9,R,True,True,0.9089528542831504,0.8331013539162343,0.9905220400180532,0.8397959183673469
119,1,10,L,True,True,0.9143584368917502,0.8422286581161219,0.9907527579493836,0.8489018626633306
119,1,10,R,True,True,0.9096362160827071,0.8342502103423727,0.9855493539261412,0.8445813130651291
119,1,11,L,True,True,0.9283427727160798,0.8662683823529411,0.9915833771699105,0.8726851851851852
119,1,11,R,True,True,0.926391935049444,0.8628772131030034,0.9964406919956957,0.865545010066149
119,1,12,L,True,True,0.939660614162118,0.8861885418125788,0.9808527131782946,0.9017888960159647
119,1,12,R,True,True,0.9265134347685335,0.8630880579010857,0.9918558308785306,0.869248291571754
119,1,13,L,True,True,0.9270559709032128,0.864030131826742,0.9979553660764781,0.8655623891634909
119,1,13,R,True,True,0.897467370402193,0.8140052696032953,0.9860642841087885,0.8234786199647107
119,1,14,L,True,True,0.9353012435412494,0.8784656109227698,0.9942184379270472,0.8829762404891939
119,1,14,R,True,True,0.9219470106694164,0.8551963769813383,0.9814947575947666,0.8692115392246339
119,1,15,L,True,True,0.9293242710795903,0.8679792078752473,0.9920609884332282,0.8740503983694645
119,1,15,R,True,True,0.9327847890142881,0.874036257553657,0.9803096698802221,0.8896548067235802
119,1,1,L,True,True,0.9359230695991622,0.879563350035791,0.9828034393121375,0.8933115230825155
119,1,1,R,True,True,0.9197902505340843,0.8514922689679971,0.9846153846153847,0.8629737609329446
119,1,2,L,True,True,0.9362852094376883,0.8802032440883331,0.9929453262786596,0.8857423795476893
119,1,2,R,True,True,0.17712964609638981,0.09717073170731708,0.6194029850746269,0.103340942104171
119,1,3,L,True,True,0.9059205190592052,0.8280207561156412,0.960240704921556,0.8574170024947227
119,1,3,R,True,True,0.9364139020537124,0.8804307463795024,0.9757201646090535,0.9001518602885346
119,1,4,L,True,True,0.9215458616686018,0.8545063057520763,0.9893162393162394,0.8624650729587084
119,1,4,R,True,True,0.0828080229226361,0.043192347930055296,0.45085803432137284,0.04559078719040858
119,1,5,L,True,True,0.9096036094102481,0.8341953598344909,0.994538407329105,0.8380344418052257
119,1,5,R,True,True,0.9074608722078712,0.8305980528511822,0.9861294583883752,0.8404165493948775
119,1,6,L,True,True,0.935714763529333,0.8791954745443118,0.9766792347437508,0.8980482794042116
119,1,6,R,True,True,0.9343224961815405,0.8767403767403767,0.9507104795737122,0.9184899184899185
119,1,7,L,True,True,0.9237582286056254,0.8583185053380783,0.9795659347632948,0.8739667081870682
119,1,7,R,True,True,0.9161355817494783,0.8452492454990114,0.9804442298406567,0.8597438340213824
119,1,8,L,True,True,0.9345781654627232,0.8771907381348343,0.9903235124205662,0.884774193548387
119,1,8,R,True,True,0.9232393127308978,0.8574229386777039,0.9875799774181407,0.8667694340453644
119,1,9,L,True,True,0.9335673426937078,0.8754114348409119,0.9880297193175565,0.8847954657466732
119,1,9,R,True,True,0.9132085020242915,0.840279394644936,0.9940779506954965,0.8445068445068445
13,1,10,L,True,True,0.9274182847538591,0.864659793814433,0.9861725143448405,0.8752713307730839
13,1,10,R,True,True,0.8844237260890532,0.7927953890489914,0.8706614621795548,0.8986280487804879
13,1,11,L,True,True,0.8753227194492255,0.7782879005260641,0.9833232628398791,0.7886982649995153
13,1,11,R,True,True,0.8802292263610315,0.7860798362333674,0.8534913872939434,0.9086965095641886
13,1,12,L,True,True,0.9164220183486238,0.845737024807383,0.9615902964959568,0.8753066947073256
13,1,12,R,True,True,0.8697416974169742,0.7695070192621613,0.7929797016933946,0.9629579191066322
13,1,13,L,True,True,0.9160860066689663,0.8451648491534773,0.9794934841406442,0.8603887688984881
13,1,13,R,True,True,0.893579317110218,0.8076307058688937,0.9064004622199396,0.8811158262606091
13,1,14,L,True,True,0.8884078610082597,0.7992210720508353,0.978787498431028,0.813308302044222
13,1,14,R,True,True,0.8778856791641058,0.7823495902896455,0.8645167538252954,0.8916745742396245
13,1,15,L,True,True,0.9293287786699791,0.8679870721803266,0.9666374417424207,0.8947930460040152
13,1,15,R,True,True,0.7894637817497648,0.6521603978862294,0.8119980648282535,0.7681464530892449
13,1,1,L,True,True,0.8992028799177166,0.8168652184069143,0.9817518248175182,0.8294592030360531
13,1,1,R,True,True,0.9197260273972603,0.8513821962972357,0.9798598949211909,0.8665462054723799
13,1,2,L,True,True,0.911105577689243,0.8367253601646467,0.9870515241435123,0.8460115606936416
13,1,2,R,True,True,0.8945903424906209,0.8092839938690607,0.912817979748086,0.8770764119601329
13,1,3,L,True,True,0.9388569416735125,0.8847600088476001,0.9720534629404617,0.9078529278256923
13,1,3,R,True,True,0.9205751915065179,0.8528386454183267,0.9409340659340659,0.9010786635096028
13,1,4,L,True,True,0.8583414634146341,0.7518372927704666,0.9916591523895402,0.7566219470244238
13,1,4,R,True,True,0.8579630267539328,0.7512567866478986,0.9731700963792654,0.7671457905544148
13,1,5,L,True,True,0.8445171849427169,0.7308781869688386,0.9873236067926333,0.7378016085790885
13,1,5,R,True,True,0.873645529068124,0.7756399531537561,0.8930841841649008,0.8550350424197714
13,1,6,L,True,True,0.914326624771299,0.8421746776084408,0.9684866868891135,0.8659032695494953
13,1,6,R,True,True,0.8949933540097474,0.809943865276664,0.9897109260166586,0.8168216740800647
13,1,7,L,True,True,0.9364758698092032,0.8805403123680878,0.9844266163284568,0.8929794520547946
13,1,7,R,True,True,0.8626749611197512,0.7585122384794202,0.8265534197586053,0.9020979020979021
13,1,8,L,True,True,0.8287745713090757,0.707613198114555,0.962502428599184,0.7276733254994124
13,1,8,R,True,True,0.92543890823797,0.861225029765842,0.9444363847381402,0.907190635451505
13,1,9,L,True,True,0.9081823860087446,0.8318077803203662,0.9885179030064964,0.8399229781771502
13,1,9,R,True,True,0.8984481971702419,0.81562046819971,0.997466430200152,0.8173136807141375
143,1,10,L,True,True,0.8680781758957655,0.7669064748201438,0.9971387696709585,0.7685978454491476
143,1,10,R,True,True,0.9045821629213483,0.8257873227021396,0.9790973871733967,0.8406069010522881
143,1,11,L,True,True,0.2879756955548449,0.16820771457924721,0.5794723294723295,0.19159574468085105
143,1,11,R,True,True,0.9075638138138138,0.8307705523580449,0.9937320180846692,0.835146804835924
143,1,12,L,True,True,0.9059743109201445,0.8281106375866968,0.9863640887827212,0.8377007607776839
143,1,12,R,True,True,0.9392375260345921,0.8854362301519549,0.9791371660530539,0.9024623683981554
143,1,13,L,True,True,0.8763142692085499,0.7798570767569791,0.9955371792347575,0.7825929938605994
143,1,13,R,True,True,0.9007491150563894,0.8194208686969545,0.9864174529719334,0.8287719652595436
143,1,14,L,True,True,0.8927528709530915,0.806281495370913,0.9972459776779243,0.8080808080808081
143,1,14,R,True,True,0.922430631739491,0.8560290027810886,0.9745575846667044,0.8755968708727014
143,1,15,L,True,True,0.8804204993429697,0.7863849765258216,0.9973464500679567,0.7880337509588341
143,1,15,R,True,True,0.9013689407540395,0.8204473496067818,0.9615752932726838,0.8482576557550159
143,1,1,L,True,True,0.7397164361981445,0.5869444444444445,0.9985822306238186,0.5874339727550737
143,1,1,R,True,True,0.9148305630717691,0.8430301591071004,0.9793103448275862,0.8583172147001934
143,1,2,L,True,True,0.9163703818209924,0.8456490727532097,0.9899799599198397,0.8529496402877698
143,1,2,R,True,True,0.906354930978734,0.8287468728678644,0.9795698924731183,0.8433233047905577
143,1,3,L,True,True,0.8029647930821495,0.6707946336429309,0.9988474836726854,0.6713142266976504
143,1,3,R,True,True,0.9018036072144289,0.8211678832116789,0.9731833910034602,0.8401792382374906
143,1,4,L,True,True,0.7989641542864931,0.6652292328642759,1.0,0.6652292328642759
143,1,4,R,True,True,0.8904335532516494,0.8025058398810788,0.996046389035319,0.8050703025138475
143,1,5,L,True,True,0.9015307784171099,0.8207155564340779,0.9527306103717301,0.8555532660210179
143,1,5,R,True,True,0.9287931521023423,0.867053038285915,0.9897754611066559,0.8748892433102959
143,1,6,L,True,True,0.8753288807933617,0.7782976426129207,0.9917450126117863,0.7833725774316247
143,1,6,R,True,True,0.8645770544504722,0.7614581490001769,0.9905616942909761,0.7670231729055258
143,1,7,L,True,True,0.9343469246717346,0.8767833981841764,0.9735957753240518,0.8981399468556245
143,1,7,R,True,True,0.8927617709065355,0.8062960142168063,0.9547572523673531,0.83832651445163
143,1,8,L,True,True,0.9223854241913476,0.8559511395799195,0.9533764725402356,0.8933457711442786
143,1,8,R,True,True,0.8883058962418836,0.7990560471976401,0.9972021793550288,0.8008514664143803
143,1,9,L,True,True,0.8508883724417122,0.7404749478079332,0.9891929579919819,0.746514075243357
143,1,9,R,True,True,0.8662592382035247,0.7640717061551962,0.9833817360438851,0.7740665481330963
15,1,10,L,True,True,0.9270046371072787,0.8639409536758279,0.969485614646905,0.8880902465808126
15,1,10,R,True,True,0.9254388319287133,0.861224897592167,0.9861571902528314,0.8717637540453075
15,1,11,L,True,True,0.9469579748715727,0.8992594334077818,0.9710586443259711,0.9240246406570842
15,1,11,R,True,True,0.9073609845031905,0.8304307018458651,0.9938841737393909,0.8346960167714885
15,1,12,L,True,True,0.8966366277638252,0.8126394715701152,0.9877400455679722,0.8209197475202885
15,1,12,R,True,True,0.9286064368567227,0.8667276608722171,0.9756265018880879,0.8859102244389028
15,1,13,L,True,True,0.9179858586436893,0.8484046774961638,0.9514597673866604,0.8867872352192909
15,1,13,R,True,True,0.9038467770684123,0.8245624408703879,0.9686045703966104,0.8472053462940462
15,1,14,L,True,True,0.8994505679711464,0.8172741194486983,0.9852311327721164,0.8274108527131783
15,1,14,R,True,True,0.9292095012154761,0.8677789934354486,0.978472736244757,0.8846690089788635
15,1,15,L,True,True,0.911438611784576,0.8372872872872873,0.9804829445551518,0.8514785972413091
15,1,15,R,True,True,0.936989415358386,0.8814488104784817,0.9634769905040176,0.9119192477876106
15,1,1,L,True,True,0.8995697967660584,0.8174710164464816,0.9918220477592411,0.8230184581976113
15,1,1,R,True,True,0.9453041213421174,0.8962812318419524,0.9859379993608182,0.9078869923484403
15,1,2,L,True,True,0.9310924369747899,0.8710691823899371,0.9778562259306803,0.8885972586759988
15,1,2,R,True,True,0.9251101321585903,0.860655737704918,0.9816247582205029,0.8747486354495835
15,1,3,L,True,True,0.8614345991561182,0.7565965016305959,0.9841881989973005,0.765906362545018
15,1,3,R,True,True,0.8917672107877928,0.8046749919948767,0.9691477053605861,0.8258297732500821
15,1,4,L,True,True,0.9100364014560582,0.8349236641221374,0.9687776793622674,0.8580113747793685
15,1,4,R,True,True,0.869615832363213,0.7693099897013388,0.9759602822053828,0.784169640982574
15,1,5,L,True,True,0.9260201260643591,0.8622322899505767,0.9861045690061234,0.8728371899103606
15,1,5,R,True,True,0.5693786769981346,0.3979939819458375,0.8869021010281627,0.41927303465765003
15,1,6,L,True,True,0.8917099442200423,0.804581742450538,0.9844977702272245,0.8149059588679909
15,1,6,R,True,True,0.9477661702600578,0.9007182087029996,0.9638336347197106,0.9322256230870135
15,1,7,L,True,True,0.9154684095860567,0.8441141020490157,0.9707377175419682,0.8661536347395905
15,1,7,R,True,True,0.9126596247832256,0.8393504422212557,0.9521381578947369,0.87632455343627
15,1,8,L,True,True,0.8982323665694182,0.8152647975077881,0.9626632334007725,0.8418851536110664
15,1,8,R,True,True,0.9372492619786541,0.881908831908832,0.9670415495157764,0.9092377735350272
15,1,9,L,True,True,0.8888888888888888,0.8,0.9755292823755842,0.8163828808099401
15,1,9,R,True,True,0.893644248542585,0.807736794756458,0.9501133786848073,0.8435109381291102
17,1,10,L,True,True,0.8968575624082232,0.8130025025291518,0.9933641272526186,0.8174420472188019
17,1,10,R,True,True,0.9195809269524334,0.8511335553884173,0.97255985267035,0.8720757417295095
17,1,11,L,True,True,0.9288982317299369,0.8672362041099053,0.9806788511749347,0.8823114869626497
17,1,11,R,True,True,0.9384503982621288,0.8840381991814461,0.9870525514089871,0.8944099378881988
17,1,12,L,True,True,0.9322403160887707,0.8730806473924471,0.9874061326658323,0.8829124991256907
17,1,12,R,True,True,0.7748013852108372,0.6323883947127774,0.9874091381100727,0.637529332886356
17,1,13,L,True,True,0.9156618156618157,0.8444430242218955,0.9893302384785294,0.8522041987809991
17,1,13,R,True,True,0.8702684361333132,0.7703320540630736,0.9935009038478092,0.7742335815388743
17,1,14,L,True,True,0.8699255422466817,0.7697948894236278,0.9849477079464373,0.7789587600973988
17,1,14,R,True,True,0.9348083761359146,0.8775964391691394,0.988529322394409,0.8866253321523472
17,1,15,L,True,True,0.9307271010387158,0.8704298986188138,0.9920686045575328,0.8765295959021059
17,1,15,R,True,True,0.8683878643664485,0.7673900243922954,0.974368558765419,0.7832002747016912
17,1,1,L,True,True,0.932568647897115,0.8736567893194399,0.9882136279926336,0.882856202698256
17,1,1,R,True,True,0.9210501901846182,0.8536543422184006,0.9922046771936838,0.8594182825484764
17,1,2,L,True,True,0.9263096736709596,0.8627344877344877,0.9896544589282019,0.8705860939206407
17,1,2,R,True,True,0.8823692222529753,0.7894997523526498,0.9985383169764043,0.7904132231404959
17,1,3,L,True,True,0.9213195011073552,0.8541171385346877,0.9892365456821026,0.8621291448516579
17,1,3,R,True,True,0.8397068196303378,0.7237022795935183,0.9799181851989587,0.7345971563981043
17,1,4,L,True,True,0.9280375827461029,0.8657370517928287,0.9942046667683392,0.8701281366791244
17,1,4,R,True,True,0.8594830177336941,0.7535907234154697,0.9751065643648764,0.768372967889292
17,1,5,L,True,True,0.9072622598321426,0.8302653294401422,0.9737939249553306,0.8492403583950137
17,1,5,R,True,True,0.9329183077118537,0.8742707465174425,0.9906907717215326,0.8815126050420168
17,1,6,L,True,True,0.9287995491264325,0.867064188004209,0.9530908623570236,0.9057156814851002
17,1,6,R,True,True,0.9092694719347284,0.8336334672392298,0.9741016510197474,0.8525286867828304
17,1,7,L,True,True,0.9316507156771406,0.8720469319803393,0.9817045961624274,0.886453380610847
17,1,7,R,True,True,0.9085434053170438,0.832413684376478,0.9902475618904726,0.8392942298521697
17,1,8,L,True,True,0.934455748626992,0.8769750739332488,0.9881938493763687,0.8862607804628128
17,1,8,R,True,True,0.9240779113137174,0.8588706571142439,0.9862007961079169,0.869317738791423
17,1,9,L,True,True,0.9247374847374847,0.8600109011627907,0.9626804962375433,0.8896720233060803
17,1,9,R,True,True,0.8377377440210909,0.7207820263555843,0.9703359022829722,0.7370223105809587
17,2,10,L,True,True,0.9336929180820994,0.8756322957198444,0.9780518281088716,0.8931831712641397
17,2,10,R,True,True,0.9447155315614618,0.8952235722367062,0.9806552430218773,0.9113169754631948
17,2,11,L,True,True,0.9303961709243989,0.8698511968945439,0.976634382566586,0.8883382887347209
17,2,11,R,True,True,0.927006582178996,0.8639443325398278,0.963578187759548,0.8931095406360424
17,2,12,L,True,True,0.879518934784165,0.7849476105290059,0.9781068386274978,0.7989854978214216
17,2,12,R,True,True,0.9405594405594405,0.8877887788778878,0.989213042412356,0.896467451677405
17,2,13,L,True,True,0.939266427026014,0.8854876011820635,0.9895896902035395,0.8938136307632449
17,2,13,R,True,True,0.9339570444142649,0.8760970085873361,0.9903637592006542,0.8836294416243655
17,2,14,L,True,True,0.0,0.0,0.0,0.0
17,2,14,R,True,True,0.9147917268711555,0.8429642028379046,0.9892410714285714,0.8507640328649313
17,2,15,L,True,True,0.8362733800195018,0.7186166971358927,0.9639645776566758,0.7384543129990085
17,2,15,R,True,True,0.8997199788969603,0.8177190911773384,0.8888977988051803,0.9108089232159731
17,2,1,L,True,True,0.934040590405904,0.8762440501947208,0.9858812074001947,0.8873794916739702
17,2,1,R,True,True,0.913214679477083,0.8402898550724638,0.9860544217687075,0.8503960105602816
17,2,2,L,True,True,0.9401462199726842,0.8870527592480291,0.9925360474978796,0.8930097680097681
17,2,2,R,True,True,0.9325559133234705,0.873634436654166,0.9966517857142857,0.8762060506950122
17,2,3,L,True,True,0.8434497816593887,0.7292807249386445,0.9958752255736014,0.7314902480590797
17,2,3,R,True,True,0.9373209772535804,0.882035833201205,0.9828621908127209,0.8958132045088567
17,2,4,L,True,True,0.9485847680186752,0.9021980461811723,0.984613520717228,0.9150996509402094
17,2,4,R,True,True,0.9482638079701701,0.9016175493020164,0.982138546946657,0.9166478936697454
17,2,5,L,True,True,0.925544233441408,0.86140747925423,0.9920565967481693,0.8673901247965274
17,2,5,R,True,True,0.9037815924494838,0.8244539466081128,0.9657506430215242,0.8492857142857143
17,2,6,L,True,True,0.8880187940485513,0.7985915492957747,0.9865158764680296,0.8074047703809185
17,2,6,R,True,True,0.9285395929282425,0.8666112035496395,0.9665944942777606,0.8933676386506575
17,2,7,L,True,True,0.9003579455589777,0.818773656320969,0.9929312402460295,0.8235742023909236
17,2,7,R,True,True,0.9146366261336369,0.8427008393285371,0.9860575236759032,0.8528631020098597
17,2,8,L,True,True,0.9200116225976506,0.8518717810746407,0.962062679052001,0.8814826598790964
17,2,8,R,True,True,0.9151976247912414,0.8436537803626412,0.9647887323943662,0.8704553476879633
17,2,9,L,True,True,0.8603486967029174,0.7549227506816116,0.9796881142707378,0.7669265490356997
17,2,9,R,True,True,0.9353432282003711,0.8785396880717957,0.9645111918882724,0.9078876283090221
215,1,10,L,True,True,0.9203065494381494,0.8523776345584393,0.9836180904522613,0.8646523544482728
215,1,10,R,True,True,0.914326090796679,0.8421737715587374,0.9864684581665714,0.8520164609053498
215,1,11,L,True,True,0.9415646518745218,0.8895816391072559,0.9882553704075487,0.8990867579908676
215,1,11,R,True,True,0.9347220071240514,0.8774442102202515,0.9927625627107493,0.8830931304411442
215,1,12,L,True,True,0.8720355972813065,0.7731056008323218,0.9825895316804407,0.7838431786216596
215,1,12,R,True,True,0.9299260526183409,0.8690297104174501,0.9619107087105838,0.9
215,1,13,L,True,True,0.8472910824453169,0.7350434004125959,0.9853892715508245,0.7431427334618866
215,1,13,R,True,True,0.8864264758648346,0.7960197119029568,0.9710969293377728,0.8153368278004272
215,1,14,L,True,True,0.944704728699063,0.8952041711837283,0.9609331707857697,0.9290153219757848
215,1,14,R,True,True,0.9155712032189479,0.8442889066914028,0.9622296972609322,0.8732283807945576
215,1,15,L,True,True,0.886176291793313,0.7956162948085403,0.9912419082848284,0.8012487907835723
215,1,15,R,True,True,0.8605064688208964,0.7551657339647008,0.921410281662399,0.8071547708057745
215,1,1,L,True,True,0.9028763059460854,0.8229485069362803,0.9639217846323327,0.849102377486657
215,1,1,R,True,True,0.9058779295651084,0.8279495990836196,0.9901369863013698,0.8348348348348348
215,1,2,L,True,True,0.9123466065614826,0.8388210914114668,0.9869953942021132,0.8481955762514551
215,1,2,R,True,True,0.8896462569044541,0.8012277730736664,0.9793014230271668,0.8150301464254953
215,1,3,L,True,True,0.7720809995691512,0.6287719298245614,0.9994422755158952,0.628992628992629
215,1,3,R,True,True,0.6518208016767094,0.4834823163622231,0.9680933852140078,0.4913112164296998
215,1,4,L,True,True,0.9040932178069914,0.8249727371864777,0.9820424058848983,0.8376084148366857
215,1,4,R,True,True,0.8770262716601454,0.7809855649576904,0.9735263702171665,0.7979318528564163
215,1,5,L,True,True,0.7790334732536863,0.638046544428773,0.987987987987988,0.6430348258706468
215,1,5,R,True,True,0.9209310142004874,0.8534496184394954,0.9931134469010511,0.8585304715650948
215,1,6,L,True,True,0.8052641994854541,0.6740102700016565,0.9919551438322769,0.6777148567621586
215,1,6,R,True,True,0.8970243124002628,0.8132765957446808,0.9685789580377052,0.8353146853146853
215,1,7,L,True,True,0.9108861077919628,0.8363552373253262,0.9722110350382601,0.8568386180785613
215,1,7,R,True,True,0.8938319105446676,0.8080434782608695,0.9653291780288275,0.832195231165342
215,1,8,L,True,True,0.9419271580154861,0.890229028323621,0.9707403576178514,0.914775100960869
215,1,8,R,True,True,0.9334591194968553,0.8752211345677556,0.9693051201671892,0.9001698204754973
215,1,9,L,True,True,0.7820242914979757,0.6420688738199708,0.9993791390728477,0.6423250864591646
215,1,9,R,True,True,0.8643820634341961,0.7611556982343499,0.9813741721854304,0.7723127035830619
217,1,10,L,True,True,0.9150494795013494,0.8434020374318881,0.9895302510886685,0.850996015936255
217,1,10,R,True,True,0.9266114106381267,0.863258115300997,0.960143416993246,0.8953425083586035
217,1,11,L,True,True,0.09341317365269461,0.048994974874371856,0.3844731977818854,0.05316520405555082
217,1,11,R,True,True,0.9303076923076923,0.8696965338702718,0.9818152297450885,0.8839350972080106
217,1,12,L,True,True,0.9192721257237386,0.8506046226848308,0.998203700377223,0.8519086309980071
217,1,12,R,True,True,0.90616571239294,0.8284305243121647,0.9779389235011745,0.844207370834068
217,1,13,L,True,True,0.9134406505876456,0.8406725790741785,0.9886658226321818,0.8488534603240333
217,1,13,R,True,True,0.9155068550062319,0.8441794761289086,0.9643873085339169,0.8713424278370897
217,1,14,L,True,True,0.17401678132580428,0.09530031795809922,0.3391722213610293,0.11703038083012408
217,1,14,R,True,True,0.9027777777777778,0.8227848101265823,0.9827776108941624,0.8348218082844263
217,1,15,L,True,True,0.9024266936299292,0.822201750345463,0.9882725991544191,0.8303027740189445
217,1,15,R,True,True,0.15949242465678498,0.08665676077265973,0.09219678765650689,0.5905224787363305
217,1,1,L,True,True,0.9265205310280951,0.8631003738855335,0.9976728723404256,0.8648414985590778
217,1,1,R,True,True,0.9461645746164574,0.8978295394388566,0.9680365296803652,0.9252591380250955
217,1,2,L,True,True,0.9260493004663558,0.8622828784119106,0.9615384615384616,0.8930866101259316
217,1,2,R,True,True,0.9222582738481505,0.8557321772639692,0.956393001345895,0.8904761904761904
217,1,3,L,True,False,0.0,0.0,0.0,0.0
217,1,3,R,True,True,0.7415778251599147,0.5892917655032193,0.9623685666851135,0.6031911203607353
217,1,4,L,True,True,0.886406396989652,0.795987328405491,0.9934106483921982,0.8002123142250531
217,1,4,R,True,True,0.1856873822975518,0.10234585841810255,0.10909493250719186,0.6232616940581542
217,1,5,L,True,True,0.9105180533751962,0.8357348703170029,0.9745559289486317,0.8543771043771043
217,1,5,R,True,True,0.9100569259962049,0.834958217270195,0.975986975986976,0.8524706718805546
217,1,6,L,True,True,0.9124423963133641,0.8389830508474576,0.9864588656106286,0.8487579687843482
217,1,6,R,True,True,0.912299045876356,0.8387406873347752,0.9764969222160045,0.8560215844984057
217,1,7,L,True,True,0.9319836372460654,0.8726304855881589,0.9904214559386973,0.8800576142464318
217,1,7,R,True,True,0.9244892681665373,0.8595816301995672,0.9628332884460006,0.8890823178313852
217,1,8,L,True,True,0.9325640548421118,0.8736487271881902,0.9888172608867254,0.8823667527588636
217,1,8,R,True,True,0.936077057793345,0.8798353909465021,0.9745868945868946,0.9004948931241444
217,1,9,L,True,True,0.8992122045767162,0.8168806088833352,0.9902230790415864,0.8235226752175905
217,1,9,R,True,True,0.0,0.0,0.0,0.0
229,1,10,L,True,True,0.6958933051630793,0.5336168489266909,0.9996206373292867,0.5337249341705489
229,1,10,R,True,True,0.7360194248425526,0.5823027974546764,0.9993818256748404,0.5825126110977661
229,1,11,L,True,True,0.8585241539557021,0.7521176702344212,0.9993892330512172,0.752463539613717
229,1,11,R,True,True,0.556046195652174,0.38508586215008234,0.9998473049320507,0.3851085102628948
229,1,12,L,True,True,0.8260816870682341,0.703696056163535,0.9981450746851508,0.704617505168849
229,1,12,R,True,True,0.5488632244031281,0.3782298358315489,0.9953042824943651,0.3789059706828745
229,1,13,L,True,True,0.8202379234274169,0.6952570689594911,1.0,0.6952570689594911
229,1,13,R,True,True,0.7485602925397973,0.598159294512878,1.0,0.598159294512878
229,1,14,L,True,True,0.8402638944422232,0.7245302534045854,0.9982780119945371,0.7254368932038835
229,1,14,R,True,True,0.8714111001106517,0.7721244646266577,0.9491880233443288,0.805415006997524
229,1,15,L,False,True,0.0,0.0,0.0,0.0
229,1,15,R,True,True,0.6214561124971649,0.45080618624547547,0.9182305630026809,0.4696606102159753
229,1,1,L,True,True,0.8351167874813025,0.716910312129593,1.0,0.716910312129593
229,1,1,R,True,True,0.7923273090143031,0.6560778553066471,0.9986025712688653,0.6566807572137475
229,1,2,L,True,True,0.807417670254716,0.6770330652368186,1.0,0.6770330652368186
229,1,2,R,True,True,0.8129660932683703,0.684871837828782,1.0,0.684871837828782
229,1,3,L,True,True,0.8606441158598339,0.7553777777777778,1.0,0.7553777777777778
229,1,3,R,True,True,0.8326042889149685,0.7132151343447267,0.9898528665651953,0.7184680537654208
229,1,4,L,True,True,0.7583736043992668,0.6107904979197423,1.0,0.6107904979197423
229,1,4,R,True,True,0.8125149652805491,0.6842317515795133,0.9883495145631068,0.6897953652256403
229,1,5,L,True,True,0.8173294093491206,0.6910879629629629,1.0,0.6910879629629629
229,1,5,R,True,True,0.8760663014078647,0.7794643959027521,0.9955863808322825,0.7821671826625387
229,1,6,L,True,True,0.617231638418079,0.4463738508682329,0.9993762993762993,0.44649823518484116
229,1,6,R,True,True,0.7342808961695977,0.5801294251998478,0.9921875,0.582791586998088
229,1,7,L,True,True,0.7913290539829527,0.6547100818387602,0.9957627118644068,0.6565392002793784
229,1,7,R,True,True,0.8794850399332459,0.7848936170212766,0.9940716787927782,0.7885848653270628
229,1,8,L,True,True,0.7811673426203491,0.6409143518518519,0.9998495335540174,0.640976174399537
229,1,8,R,True,True,0.8440074408716449,0.7301149425287357,0.9840128888338084,0.7388795831006886
229,1,9,L,True,True,0.49721062853836934,0.33085849419787716,1.0,0.33085849419787716
229,1,9,R,True,True,0.7524131274131274,0.6030947775628627,0.9475763561768729,0.623911955977989
251,1,10,L,True,True,0.9307550486644085,0.870478787392734,0.9899671652681503,0.8782263937211748
251,1,10,R,True,True,0.9312600969305331,0.8713627087899629,0.9721730331393879,0.893651654910472
251,1,11,L,True,True,0.9232073073120204,0.8573677306515085,0.9799100449775112,0.8727078511661029
251,1,11,R,True,True,0.9242378508904316,0.8591470258136925,0.9822760445905846,0.8726754542215889
251,1,12,L,True,True,0.9269281694803045,0.8638081283257499,0.9918533604887984,0.8699805825242718
251,1,12,R,True,True,0.9102339872370598,0.8352563546456147,0.9723288224601091,0.8555940638052075
251,1,13,L,True,True,0.9162391523229612,0.8454255883914351,0.9887721839913075,0.8536204046991558
251,1,13,R,True,True,0.9109655781912122,0.8364892421657164,0.9877149877149877,0.8452836536439716
251,1,14,L,True,True,0.06811145510835913,0.035256410256410256,0.18799298860648553,0.04158991759573437
251,1,14,R,True,True,0.9043459690336358,0.8253937314829253,0.9546417782587132,0.8590846384808893
251,1,15,L,True,True,0.9261187155923998,0.8624032554057289,0.9908328367786589,0.8693396605807127
251,1,15,R,True,True,0.0,0.0,0.0,0.0
251,1,1,L,True,True,0.8554154430817067,0.7473588892242681,1.0,0.7473588892242681
251,1,1,R,True,True,0.89474454691846,0.8095364238410596,0.9970636215334421,0.8114710568242167
251,1,2,L,True,True,0.898418190805734,0.8155710118914068,0.9845612134344529,0.8261363636363637
251,1,2,R,True,True,0.8629228388237895,0.7588955862337158,0.9888522928806689,0.7654442047460286
251,1,3,L,True,True,0.9317578972751387,0.8722347629796839,0.9907692307692307,0.8793809740555303
251,1,3,R,True,True,0.8876138206311588,0.7979367571204306,0.9886079466518477,0.8053417836124943
251,1,4,L,True,True,0.9237407537865445,0.8582883325151366,0.9926192278576835,0.8638010540184453
251,1,4,R,True,True,0.9114348785871965,0.8372809863724854,0.9932640492686682,0.8420623266438244
251,1,5,L,True,True,0.9098016781083142,0.8345285989155151,0.9987439815783965,0.8354053580808966
251,1,5,R,True,True,0.9112987535182951,0.8370512631112424,0.9950825430277485,0.8405281115561489
251,1,6,L,True,True,0.9367914805908623,0.8810985460420032,0.9880434782608696,0.8905943827563684
251,1,6,R,True,True,0.8697113483590352,0.7694595067343012,0.9680897887323944,0.7894831299353913
251,1,7,L,True,True,0.9379129865881584,0.8830848835776764,0.9805745554035568,0.8988087774294671
251,1,7,R,True,True,0.9103660165642533,0.8354787299252177,0.9908403605699331,0.8419817148505065
251,1,8,L,True,True,0.9308611790274381,0.8706644644898996,0.9801201372997712,0.886316606311433
251,1,8,R,True,True,0.9134968598175139,0.8407678045588396,0.9638659664916229,0.8681306306306307
251,1,9,L,True,True,0.9101975195222783,0.8351949420442571,0.9961040593188387,0.8379321281319378
251,1,9,R,True,True,0.8975,0.8140589569160998,0.9801695645926138,0.8276908142215751
251,2,10,L,True,True,0.9017054263565891,0.821005081874647,0.9963778756730298,0.823462783171521
251,2,10,R,True,True,0.9195553798163525,0.8510897852960312,0.9943937666286583,0.8551932663234453
251,2,11,L,True,True,0.9189899404639704,0.8501215436037679,0.9742317402280839,0.8696767174386074
251,2,11,R,True,True,0.8950029744199881,0.8099596231493943,0.9763140817650876,0.8261943986820428
251,2,12,L,True,True,0.9048577770894636,0.8262468181389648,0.9683977900552486,0.8491425249491328
251,2,12,R,True,True,0.9241506122278407,0.8589962709757614,0.9669435942282466,0.8849847927004962
251,2,13,L,True,True,0.9097855432733941,0.8345014484627605,0.9934916838182122,0.8390885600187926
251,2,13,R,True,True,0.9153134635149024,0.8438506727307182,0.995194993854062,0.8473028256112644
251,2,14,L,True,True,0.9262167221297837,0.8625732410052782,0.9723784049347671,0.8842392653263837
251,2,14,R,True,True,0.881647689216343,0.7883452117146793,0.9885100630820066,0.7956358800773694
251,2,15,L,True,True,0.9017862111179122,0.8211390352655047,0.9353032838921914,0.8705882352941177
251,2,15,R,True,True,0.9396857334483089,0.8862332264040121,0.9776703384339331,0.9045423103527784
251,2,16,L,True,True,0.9141268974036154,0.8418358417920896,0.9922132838283828,0.8474344857960802
251,2,16,R,True,True,0.9166160647057395,0.8460676172540579,0.996067252619632,0.8489033854459566
251,2,17,L,True,True,0.9287073248071028,0.8669034581421735,0.9655759773620154,0.8945506375830385
251,2,17,R,True,True,0.0,0.0,0.0,0.0
251,2,18,L,True,True,0.8805549533925862,0.786599535243997,0.9448395028909418,0.8244606819763396
251,2,18,R,True,True,0.9182248848655996,0.8488130961965406,0.9844099255863962,0.860378851575251
251,2,1,L,True,True,0.9202915053518561,0.8523518245095971,0.9863314620453991,0.8625400213447172
251,2,1,R,True,True,0.9184357541899442,0.8491735537190083,0.9906001446131598,0.856071651739221
251,2,2,L,True,True,0.9053163444639719,0.8270118402568734,1.0,0.8270118402568734
251,2,2,R,True,True,0.8931948173222832,0.8070027420375449,0.9720528455284553,0.8261714532498381
251,2,3,L,True,True,0.9002166723685711,0.8185400248859395,0.9842892768079801,0.8293759193107796
251,2,3,R,True,True,0.9168145519077197,0.8464058980135163,0.9918406527477802,0.8523406888018148
251,2,4,L,True,True,0.9186866082172941,0.8496025437201907,0.9888971132494448,0.8577849117174959
251,2,4,R,True,True,0.9094048159927306,0.8338610231628062,0.9980055843637814,0.8352528793189785
251,2,5,L,True,True,0.9196470773593823,0.8512469009771036,0.9911699779249448,0.8577516531961793
251,2,5,R,True,True,0.8957882902360979,0.8112468671679198,0.9775386938467346,0.8266560255387071
251,2,6,L,True,True,0.9036819867207037,0.8242881862513765,0.9838527975966954,0.8355924095040663
251,2,6,R,True,True,0.9169072826435676,0.8465639810426541,0.9855172413793103,0.8572285542891421
251,2,7,L,True,True,0.9203084832904884,0.8523809523809524,0.9938024531956101,0.8569360944110443
251,2,7,R,True,True,0.9210688338874523,0.8536863729742068,0.9904661016949152,0.8607594936708861
251,2,8,L,True,True,0.939264424699134,0.8854840419891846,0.9791300269668191,0.9025181022371123
251,2,8,R,True,True,0.9105012711035786,0.8357065932750988,0.9758278608355456,0.8533724340175953
251,2,9,L,True,True,0.9254737978013085,0.8612854632186794,0.9916172857349328,0.8676024279210925
251,2,9,R,True,True,0.9319038642789821,0.8724906243106111,0.981511353765976,0.8870696422563642
259,1,10,L,True,True,0.8496689125272688,0.7386298795018964,0.9982308913585847,0.7395980372386906
259,1,10,R,True,True,0.9035864511844144,0.8241292276627966,0.9880174291938998,0.8324495207016113
259,1,11,L,True,True,0.8302740984782268,0.7098022685469038,0.9990830636461704,0.7102649641473983
259,1,11,R,True,True,0.9264508849869544,0.8629795060430898,0.9915097543488925,0.869404096218112
259,1,12,L,True,True,0.8334895000826765,0.7145152145152145,0.9996474373099467,0.7146953179154326
259,1,12,R,True,True,0.9153873280827554,0.843976243117874,0.9268269459652464,0.9042266604737575
259,1,1,L,True,True,0.8466789930308634,0.7341225798495499,0.9968184862692565,0.7358467243510507
259,1,1,R,True,True,0.9358516483516484,0.8794372014973538,0.9828332371609925,0.8931567907708443
259,1,2,L,True,True,0.8723039565776317,0.7735275490816973,0.9968984655566439,0.7753936008125952
259,1,2,R,True,True,0.909998030591479,0.8348590701035895,0.9936917562724015,0.8393073383385807
259,1,3,L,True,True,0.8529671160388056,0.7436291739894552,0.9952955013231403,0.7462522045855379
259,1,3,R,True,True,0.9103861410183761,0.8355126300148589,0.974354531277075,0.8542996049832877
259,1,4,L,True,True,0.8922584290826898,0.8054752593096413,0.9845162631196093,0.8158098682510979
259,1,4,R,True,True,0.9271247213877314,0.8641495799837413,0.9834498355263158,0.8769019248395967
259,1,5,L,True,True,0.9137799147634138,0.8412474849094568,0.9958318447064428,0.8442200908632004
259,1,5,R,True,True,0.9048247543628098,0.8261917514729512,0.9786401607275035,0.8413636363636363
259,1,6,L,True,True,0.8387620497209538,0.7222998951415589,0.9845164363982849,0.730599257557009
259,1,6,R,True,True,0.871552927104791,0.7723471911435638,0.9836508174591271,0.7823908375089478
259,1,7,L,True,True,0.9284651192248012,0.8664814705360837,0.9746044408988166,0.8864969462417609
259,1,7,R,True,True,0.9298209017492625,0.8688460681666296,0.9674438794493365,0.8950146291090586
259,1,8,L,True,True,0.9336149187121454,0.8754951049996264,0.9917040548548209,0.8819543777761047
259,1,8,R,True,True,0.9367265005474634,0.8809835860949885,0.9900406789170991,0.8888609029658082
259,1,9,L,True,True,0.8746823069403714,0.7772758860319666,0.9979924157929958,0.7784931268487907
259,1,9,R,True,True,0.9056799171512786,0.8276188396301958,0.9892969021928298,0.8350962244748054
259,2,10,L,True,True,0.8958506915514081,0.8113492303048596,0.9899094056124328,0.8181154127100073
259,2,10,R,True,True,0.9335093218940769,0.875309405940594,0.970164609053498,0.8995230524642289
259,2,11,L,True,True,0.9361009078938249,0.8798775324083121,0.9925778953556731,0.8857049180327868
259,2,11,R,True,True,0.9125707178108574,0.8392000590362335,0.9774798005844937,0.8557453532997216
259,2,12,L,True,True,0.11010046158023351,0.05825730910135766,0.5273081924577373,0.06146733363650144
259,2,12,R,True,True,0.9132622114389696,0.8403703460502988,0.9673469387755103,0.8649050483206056
259,2,13,L,True,True,0.9140958893464916,0.8417832480589645,0.9929098966026588,0.8468737626435333
259,2,13,R,True,True,0.9209052821175457,0.8534054210965565,0.9908995154834632,0.860147021175438
259,2,14,L,True,True,0.9046959384850127,0.825976977784295,0.9972116491103833,0.8278890317839427
259,2,14,R,True,True,0.892982585414978,0.8066563124029288,0.9828070934256056,0.8182022775352208
259,2,15,L,False,True,0.0,0.0,0.0,0.0
259,2,15,R,True,True,0.9278003006422813,0.8653241566828108,0.9823952153571601,0.8789539550338756
259,2,1,L,True,True,0.8664477770875854,0.7643651166431814,0.9932858596134283,0.7683349071451054
259,2,1,R,True,True,0.9291085762568653,0.8676029667034875,0.9909877433309301,0.8745029425799268
259,2,2,L,True,True,0.9128084144303549,0.8396021699819168,0.9916702263989748,0.8455654707703515
259,2,2,R,True,True,0.9039282664389411,0.8246980911569926,0.9864864864864865,0.8341213553979512
259,2,3,L,True,True,0.0,0.0,0.0,0.0
259,2,3,R,True,True,0.9268631537163838,0.8636952099130757,0.9866892034650327,0.873877245508982
259,2,4,L,True,True,0.8746059042705646,0.7771552273016682,0.9933268229166666,0.7812339989759345
259,2,4,R,True,True,0.9209389400921659,0.8534632323501935,0.9902446577887891,0.860699865410498
259,2,5,L,True,True,0.8590623011102468,0.7529440932192885,0.9963910761154856,0.7550031075201988
259,2,5,R,True,True,0.8561007957559682,0.7484057971014493,0.9934590227010388,0.7521118555199534
259,2,6,L,True,True,0.8575972596036212,0.750696080531163,0.9851039910061833,0.759315424610052
259,2,6,R,True,True,0.9192323397305022,0.8505364969019193,0.9753899480069325,0.8691891891891892
259,2,7,L,True,True,0.8950176037554678,0.8099835859804962,0.9895022410945978,0.8170042851577717
259,2,7,R,True,True,0.9015201586252478,0.8206979542719615,0.9936862554638174,0.825
259,2,8,L,True,True,0.9015518187715184,0.8207504315435632,0.9816364229055743,0.8335486252076029
259,2,8,R,True,True,0.9030530262453134,0.8232421875,0.9803592195374079,0.8370476610767873
259,2,9,L,True,True,0.8729188345473465,0.7744950952106174,0.9934863064396743,0.7784479758728686
259,2,9,R,True,True,0.9135734980593669,0.840897655227936,0.9920455894574379,0.8466058763931105
25,1,10,L,True,True,0.9348297508084459,0.877634116722623,0.9484329164736761,0.9216112819743455
25,1,10,R,True,True,0.9278999213453687,0.8654974846282839,0.9751239864598914,0.8850385824521292
25,1,11,L,True,True,0.934025974025974,0.8762183235867447,0.9740857787810384,0.8971309771309771
25,1,11,R,True,True,0.9294232255030401,0.8681518669595231,0.9655220547180347,0.8959264296353863
25,1,12,L,True,True,0.8963710928076645,0.8122033474893829,0.9867971773275666,0.8211264048490972
25,1,12,R,True,True,0.9488105519353066,0.9026066173724699,0.9699036918138042,0.9286153373290302
25,1,13,L,True,True,0.938036809815951,0.8833044482957828,0.9628030405253452,0.9145127525953775
25,1,13,R,True,True,0.9222804443512891,0.8557703527947411,0.9745736434108527,0.8753133081360652
25,1,14,L,True,True,0.9068001668752608,0.8294916806594413,0.9415501905972046,0.8745238989324607
25,1,14,R,True,True,0.920889220069548,0.8533778340430429,0.9699572686840499,0.8765466151785011
25,1,15,L,True,True,0.8991603624573946,0.816795046065549,0.9879881251427266,0.8249876053544869
25,1,15,R,True,True,0.9352636924021633,0.878399361164101,0.9723518145656338,0.9009009009009009
25,1,1,L,True,True,0.9376299376299376,0.8825831702544031,0.9750180158539514,0.9030033370411569
25,1,1,R,True,True,0.9313347294169514,0.871493399339934,0.9853078358208955,0.8829676071055381
25,1,2,L,True,True,0.9262366938008767,0.8626078843013762,0.9835106382978723,0.8752662721893492
25,1,2,R,True,True,0.9204368174726989,0.8526011560693642,0.9659949622166247,0.8789823515929407
25,1,3,L,True,True,0.9234661606578115,0.8578143360752056,0.9690265486725663,0.8819975835682642
25,1,3,R,True,True,0.9367744610281924,0.8810684343926691,0.9547855482780477,0.9194303153611394
25,1,4,L,True,True,0.9485977465252077,0.9022215269086358,0.9756386398240569,0.9230153649167734
25,1,4,R,True,True,0.9127969096737075,0.8395827033565165,0.9743814704334094,0.858534322820037
25,1,5,L,True,True,0.9302196787889976,0.8695427092320966,0.9712798766383963,0.8924902585901523
25,1,5,R,True,True,0.9332916731760662,0.8749267721148213,0.9701201688860019,0.899157134256472
25,1,6,L,True,True,0.9316692667706709,0.8720794392523364,0.9801411455768915,0.8877657202319013
25,1,6,R,True,True,0.9559339436981261,0.915587608588756,0.9775988799439972,0.9352084379708689
25,1,7,L,True,True,0.9169820245979187,0.8466914173400306,0.9779291209484172,0.8631860180340644
25,1,7,R,True,True,0.9315205883991754,0.8718189403420943,0.9770894213909994,0.8900127768313458
25,1,8,L,True,True,0.9301248230600953,0.8693769545345201,0.9809989142236699,0.8842671886469293
25,1,8,R,True,True,0.927734375,0.8652094717668488,0.977472110906531,0.8828132642081581
25,1,9,L,True,True,0.9140977757957522,0.8417864476386037,0.9826222435282838,0.8545075560187597
25,1,9,R,True,True,0.9293982953822669,0.8681083650190115,0.9639794168096055,0.8972123296082525
25,2,10,L,True,True,0.9282217987520084,0.8660577325338168,0.9809666719317643,0.8808595135096802
25,2,10,R,True,True,0.9223714615829001,0.8559270924076928,0.9747405372405372,0.8753426535087719
25,2,11,L,True,True,0.9219652155431972,0.8552277058552934,0.9778345480501917,0.8721351025331725
25,2,11,R,True,True,0.9056408039766587,0.8275535192353266,0.9767832167832168,0.8441579371474617
25,2,12,L,True,True,0.9256694970607446,0.8616245136186771,0.9772894446487679,0.8792290512035735
25,2,12,R,True,True,0.9387918924342765,0.8846444780635401,0.9755317669956902,0.9047189272821041
25,2,13,L,True,True,0.926784700101242,0.8635589710551747,0.963891314397247,0.8924291420962526
25,2,13,R,True,True,0.9018918148112939,0.8213141719331659,0.9698425679820077,0.8428393745557925
25,2,14,L,True,True,0.91172758967339,0.8377751572327043,0.9612140892075948,0.8670870626525631
25,2,14,R,True,True,0.9090813840794195,0.8333173261621206,0.9749971906955838,0.8515138132391187
25,2,15,L,True,True,0.9242780748663102,0.8592165440445416,0.9766627111939877,0.8772268182510278
25,2,15,R,True,True,0.9343104111419259,0.8767190942937467,0.9886047209013409,0.8856693276020878
25,2,1,L,False,True,0.0,0.0,0.0,0.0
25,2,1,R,False,True,0.0,0.0,0.0,0.0
25,2,2,L,True,True,0.9422375743619267,0.8907837445573294,0.9745930924970226,0.9119613670133729
25,2,2,R,True,True,0.9395156911716799,0.8859307802580381,0.98654503990878,0.8967661691542289
25,2,3,L,True,True,0.9015029522275899,0.8206694356217933,0.9708092485549132,0.8414328657314629
25,2,3,R,True,True,0.9258995005605952,0.8620231542987284,0.9717586649550706,0.8841736422036208
25,2,4,L,True,True,0.938707102952913,0.884493908858475,0.96315099901736,0.9154732254047323
25,2,4,R,True,True,0.9209495643833426,0.8534814814814815,0.9701919838329404,0.8764643237486688
25,2,5,L,True,True,0.9336136492277837,0.875492872308159,0.9917539941590792,0.8819126183929117
25,2,5,R,True,True,0.9142647328804847,0.8420696652012174,0.9643687064291248,0.8691099476439791
25,2,6,L,True,True,0.9215432896437142,0.8545018829168093,0.9836453201970443,0.8668171557562077
25,2,6,R,True,True,0.9352571770334929,0.8783878668726303,0.9804075235109718,0.894082332761578
25,2,7,L,True,True,0.9391794694746534,0.8853330440442613,0.9653418500118287,0.9143977591036414
25,2,7,R,True,True,0.9230769230769231,0.8571428571428571,0.984744094488189,0.8686780985456913
25,2,8,L,True,True,0.9351277468194722,0.8781595576619273,0.9818944579377346,0.8926134082697712
25,2,8,R,True,True,0.9230027132951463,0.8570148919493897,0.9683704453441295,0.8816956571823522
25,2,9,L,True,True,0.8772840063162644,0.7813944143058067,0.9982032854209446,0.7824949698189135
25,2,9,R,True,True,0.9119919212320121,0.8382216447002042,0.9865632510377977,0.8479016054830533
279,1,10,L,True,True,0.8862011258177392,0.7956563311023084,0.9925875436653319,0.8004122294744074
279,1,10,R,True,True,0.9131699512762708,0.840214118434259,0.9956390738978751,0.8433176628609805
279,1,11,L,True,True,0.9076610857432775,0.8309335810496981,0.9601318715019551,0.8606281355233317
279,1,11,R,True,True,0.9069796874011263,0.8297921611764025,0.976695059625213,0.8465536589687556
279,1,12,L,True,True,0.8514550355982581,0.7413336543090997,0.9819051414906337,0.7516016840563793
279,1,12,R,True,True,0.8588926649674313,0.7526835018924117,0.9919051512673753,0.7573354975652391
279,1,13,L,True,True,0.8967489007775781,0.8128239359195853,0.9998551004636785,0.8129196936972315
279,1,13,R,True,True,0.9165141129890587,0.8458939096267191,0.9807744874715262,0.8601566245804698
279,1,14,L,True,True,0.8837860823452899,0.791771244173539,0.9965027075812274,0.7939775280898876
279,1,14,R,True,True,0.9086192773277509,0.8325410724710199,0.9949668610155977,0.836062141451363
279,1,15,L,True,True,0.9076533697672856,0.830920647939307,0.9993095285066088,0.8313979730006975
279,1,15,R,True,True,0.009525595349709357,0.00478559047403723,0.03174206448387903,0.005603600423579245
279,1,1,L,True,True,0.9163853028798411,0.8456744868035191,0.9873742777658892,0.8549193996664813
279,1,1,R,True,True,0.9322936477748194,0.8731742073387959,0.9979641693811075,0.8747323340471093
279,1,2,L,True,True,0.9313049229897005,0.8714412024756852,0.9891609795262947,0.8798428851990716
279,1,2,R,True,True,0.9342321320542736,0.8765812520272462,0.9731724882967231,0.8982881834801396
279,1,3,L,True,True,0.9240788651976091,0.8588723051409619,0.9917656070471084,0.8650409219976616
279,1,3,R,True,True,0.9408252853380158,0.888262599469496,0.9756008739985433,0.9084435401831129
279,1,4,L,True,True,0.911561627736154,0.8374949385882036,0.9939131827646964,0.8418125084791751
279,1,4,R,True,True,0.9249566122874002,0.860390029704249,0.9805710921401236,0.8753120483510708
279,1,5,L,True,True,0.0,0.0,0.0,0.0
279,1,5,R,True,True,0.9201724588450484,0.8521476104053236,0.9691757258841338,0.8758860838204203
279,1,6,L,True,True,0.9132251894878515,0.8403076521965845,0.986381025248661,0.8501714587180164
279,1,6,R,True,True,0.9195046439628483,0.8510028653295129,0.9976007677543186,0.8527481542247745
279,1,7,L,True,True,0.8850286906624935,0.7937681295031347,0.991931711880262,0.7989263514786212
279,1,7,R,True,True,0.9503737641668676,0.9054401764381548,0.9955542083459634,0.9091160730762133
279,1,8,L,True,True,0.8626135871916919,0.7584173482975081,0.9996239187664535,0.7586338121967463
279,1,8,R,True,True,0.9293473215114659,0.8680194242108914,0.9820465025017169,0.8820160366552119
279,1,9,L,True,True,0.8781215469613259,0.7827243179355855,0.9719911937377691,0.8007859733978234
279,1,9,R,True,True,0.8757877377937452,0.7790234702430847,0.9513755598208573,0.8113269314709733
281,1,10,L,True,True,0.850990099009901,0.7406290392072382,0.992265065804664,0.7449297971918877
281,1,10,R,True,True,0.8415321425159996,0.7264182058047494,0.999886505504483,0.7264781067040488
281,1,11,L,True,True,0.8992540928024799,0.8169497491859544,0.9996769330174456,0.8171654929577464
281,1,11,R,True,True,0.8847835860546859,0.7933738913728652,0.9979716024340771,0.7946553116511269
281,1,12,L,True,True,0.7454644808743169,0.5942155240003485,1.0,0.5942155240003485
281,1,12,R,True,True,0.9338178444410082,0.8758520667150109,0.98935124508519,0.8841874084919473
281,1,13,L,True,True,0.8184596983188251,0.692705697092402,0.998702667639666,0.6933295806360822
281,1,13,R,True,True,0.8662030598052851,0.7639842983316978,0.9979347671271899,0.765194124392508
281,1,14,L,True,True,0.9324879856406694,0.8735152139719043,0.9967198910756282,0.8760335073977371
281,1,14,R,True,True,0.9351948020579213,0.8782778332274748,0.99850422942026,0.8794348793894516
281,1,15,L,True,True,0.8982759678507883,0.8153366375229716,0.9987720854082816,0.8161547466413959
281,1,15,R,True,True,0.010374212671359764,0.0052141527001862194,0.039492242595204514,0.005971422478140328
281,1,1,L,True,True,0.9225581656738226,0.856248696015022,0.9794749403341289,0.8718929254302104
281,1,1,R,True,True,0.9118585808986005,0.8379963898916968,0.9943775100401606,0.8419859442303332
281,1,2,L,True,True,0.898379970544919,0.8155080213903744,0.9994538503549972,0.8158716005349977
281,1,2,R,True,True,0.924504232865592,0.8596075048522752,0.9890818858560794,0.8678423688221206
281,1,3,L,True,True,0.9138829298191848,0.8414221218961625,0.9764243614931237,0.8588709677419355
281,1,3,R,True,True,0.890437890974084,0.8025128865979382,0.9584455559830705,0.8314419225634179
281,1,4,L,True,True,0.9127896692021935,0.8395704523267166,0.9832317073170732,0.8517662594915814
281,1,4,R,True,True,0.9334802135412253,0.8752582234228508,0.9870967741935484,0.8853882012538177
281,1,5,L,True,True,0.9334655428854735,0.8752324284120491,0.9938766891891891,0.8799775659001683
281,1,5,R,True,True,0.9376924470204673,0.882693947144075,0.9917624521072796,0.8892133287530058
281,1,6,L,True,True,0.9172267746984624,0.847108843537415,0.9787777559441934,0.862959112959113
281,1,6,R,True,True,0.9204305401871039,0.852590383898621,0.9819703799098519,0.8661491859144264
281,1,7,L,True,True,0.9005947323704333,0.8191653786707882,0.9774089442139234,0.8349743993698306
281,1,7,R,True,True,0.8815035193382192,0.7881147009212405,0.9972089968806436,0.7898569570871261
281,1,8,L,True,True,0.9176095375503075,0.8477620317103971,0.9816409423233143,0.8614200171086399
281,1,8,R,True,True,0.9038015089959374,0.8244870946393117,0.9934609250398724,0.8289858929997338
281,1,9,L,True,True,0.0,0.0,0.0,0.0
281,1,9,R,True,True,0.8940190601380217,0.8083494280196107,0.9970679860729339,0.8102755026061057
287,1,10,L,True,True,0.9468061093973366,0.8989855693670524,0.9777018102711522,0.9178032236890088
287,1,10,R,True,True,0.9326773888363292,0.8738476811799745,0.9769303947994292,0.892259792918688
287,1,11,L,True,True,0.9023901722526372,0.8221411192214112,0.994310936733693,0.8260267275097783
287,1,11,R,True,True,0.9308485329103886,0.8706423379320576,0.9479124606315109,0.9143880969073771
287,1,12,L,True,True,0.9018083182640144,0.8211756957022888,0.9792832596956308,0.8356933389191453
287,1,12,R,True,True,0.8025564939511527,0.670224933282501,0.9606557377049181,0.689141513132105
287,1,13,L,True,True,0.9057991513437058,0.827817993795243,0.9334823380788105,0.8797106094601401
287,1,13,R,True,True,0.8952840065249678,0.8104200643540354,0.9695723250540527,0.8315694255992764
287,1,14,L,True,True,0.9347553674361616,0.8775030062215716,0.9434513771781899,0.9262181998785939
287,1,14,R,True,True,0.8885993187481426,0.7995310185947013,0.9174809989142236,0.8614804964539007
287,1,15,L,True,True,0.9173030398653623,0.8472389538724595,0.9828689928771076,0.8599376799589792
287,1,15,R,True,True,0.925453545904343,0.861250383710222,0.9773571760334417,0.8787847149718104
287,1,1,L,True,True,0.9203240236972555,0.852407614781635,0.9555611348229978,0.8875932835820896
287,1,1,R,True,True,0.9371650131143802,0.8817596566523606,0.9927518724329548,0.8874730021598272
287,1,2,L,True,True,0.9252800554336529,0.860949924779712,0.9823442864149092,0.8744815542457979
287,1,2,R,True,True,0.9029084687767323,0.8230019493177388,0.9959896201934418,0.8257383141013104
287,1,3,L,True,True,0.8705457825890843,0.7707667731629393,0.9979317476732161,0.772
287,1,3,R,True,True,0.8894160583941606,0.8008544199802826,0.9798954563731403,0.8142332108252589
287,1,4,L,True,True,0.9222347727865149,0.8556917123508546,0.9522698726000359,0.8940363881401617
287,1,4,R,True,True,0.9066354551183938,0.8292160737812911,0.9891944990176817,0.8367957453880671
287,1,5,L,True,True,0.9070324005891016,0.8298804109819774,0.9781616041294421,0.8455465934443109
287,1,5,R,True,True,0.9184038117927338,0.8491189427312775,0.993191019506809,0.8540908371577781
287,1,6,L,True,True,0.9224635400272794,0.8560856864654333,0.9661538461538461,0.8825537040754868
287,1,6,R,True,True,0.9248784798939461,0.8602548294286889,0.9485610695671879,0.9023496443198965
287,1,7,L,True,True,0.9231200504590371,0.8572172328517507,0.9659724259313581,0.8839082002415783
287,1,7,R,True,True,0.9332051898125902,0.8747747747747747,0.9679578467673028,0.9008614976805832
287,1,8,L,True,True,0.9047713063507733,0.8261026318952049,0.9377899045020464,0.873998728544183
287,1,8,R,True,True,0.9384577052447988,0.8840511677033213,0.9535443037974684,0.9238410596026491
287,1,9,L,True,True,0.934540576794098,0.8771245121490621,0.9668331945600888,0.9043354101765316
287,1,9,R,True,True,0.8171331485290173,0.6908073782884789,0.9706819630337795,0.7055281037677579
301,1,10,L,True,True,0.9086296156615353,0.8325584317667756,0.9731933019976499,0.8520995434377211
301,1,10,R,True,True,0.8858826400753111,0.7951430180885022,0.9841958475364115,0.8054269954986369
301,1,11,L,True,True,0.8859542814158552,0.7952584589991747,0.974085646020952,0.8124473058940752
301,1,11,R,True,True,0.93890858445176,0.8848517391563749,0.9781691069779712,0.9026780279975655
301,1,12,L,True,True,0.9004341328019358,0.8188996763754045,0.9822218771834484,0.8312200249655082
301,1,12,R,True,True,0.84200140944327,0.7271178188899707,0.9901657458563536,0.7324070290151206
301,1,13,L,True,True,0.8661379387021458,0.7638829874162445,0.9818097798689296,0.7748491479344871
301,1,13,R,True,True,0.8670475201246429,0.7652991061196425,0.9638747989607819,0.7878981965278948
301,1,14,L,True,True,0.6547224185743027,0.4866820257871549,0.9966065220989903,0.48748987854251014
301,1,14,R,True,True,0.9131316663752405,0.8401492969529264,0.9788933043413062,0.8556494953467033
301,1,15,L,True,True,0.8907390049806105,0.8030021870236597,0.9845610043472961,0.8132424994966105
301,1,15,R,True,True,0.9332114769474975,0.8747858237893408,0.9867256637168141,0.8852032668704658
301,1,1,L,True,True,0.8897376620765907,0.8013760637334781,0.9785540570417864,0.8157021747143384
301,1,1,R,True,True,0.9427152950162306,0.8916380711576666,0.9751135690302193,0.9124006653114027
301,1,2,L,True,True,0.8627408993576017,0.758614196949727,0.9853264856933236,0.7672824223957342
301,1,2,R,True,True,0.8863004915580253,0.7958165419305315,0.9619577824170726,0.8216762433128592
301,1,3,L,True,True,0.8366901860166773,0.7192324658138509,0.9932988120621383,0.7227393617021277
301,1,3,R,True,True,0.8303237858032378,0.7098749001863188,0.9776392961876833,0.7215909090909091
301,1,4,L,True,True,0.8875018144868632,0.7977557411273486,0.9870842751049402,0.8061708860759493
301,1,4,R,True,True,0.9384912425872294,0.8841106924775887,0.9811130334486736,0.8994184509648427
301,1,5,L,True,True,0.838317283324886,0.7216404886561955,0.974852652259332,0.7353289863663308
301,1,5,R,True,True,0.928718703976436,0.8669232884245257,0.980410447761194,0.8822048125349748
301,1,6,L,True,True,0.9088446430990113,0.8329195630585898,0.9755742948531549,0.8506592292089249
301,1,6,R,True,True,0.9132349132349132,0.8403241182078169,0.9630371449380918,0.8683303234280085
301,1,7,L,True,True,0.8965804066543438,0.8125471144987018,0.9466237314597971,0.8515625
301,1,7,R,True,True,0.927130656005815,0.864159891598916,0.9791766625083965,0.8803381934259339
301,1,8,L,True,True,0.8529484029484029,0.7436007282853165,0.9604371282335039,0.7670975582808529
301,1,8,R,True,True,0.9071928176218812,0.8301490256018341,0.94993441189331,0.8681318681318682
301,1,9,L,True,True,0.9236688357953736,0.8581641659311562,0.9806354009077156,0.8729574429879691
301,1,9,R,True,True,0.8809348093480934,0.7872059793361178,0.9812303055213043,0.7992411561209687
303,1,10,L,True,True,0.9151208544125914,0.8435233160621761,0.9815901599807059,0.8570826898778604
303,1,10,R,True,True,0.9284942606347063,0.8665322326548617,0.9740738117163703,0.8869896149132426
303,1,11,L,True,True,0.9478373090212731,0.9008467199493551,0.9714968424645845,0.9253027716817036
303,1,11,R,True,True,0.9288018033639674,0.867068117068117,0.9927348209652309,0.8726052391502672
303,1,12,L,True,True,0.9205642700743027,0.8528198989092843,0.9896580998687968,0.8604885250301972
303,1,12,R,True,True,0.9497716894977168,0.9043478260869565,0.9693629437510132,0.9309566435743754
303,1,13,L,True,True,0.9433553918508345,0.8927839924373719,0.9835539162508137,0.9063137270582591
303,1,13,R,True,True,0.8655109831654046,0.7629082082965578,0.9665921162985742,0.7835694050991502
303,1,14,L,True,True,0.9327014637819164,0.8738899493733919,0.9775786835019961,0.8917637095066695
303,1,14,R,True,True,0.9223682615547129,0.8559215812309175,0.9776798825256975,0.8729799718097486
303,1,15,L,True,True,0.9237562831775262,0.8583151462243562,0.9890353083190826,0.8665609025207122
303,1,15,R,True,True,0.9349109177258627,0.8777772050105676,0.9408774450215494,0.9290195864477058
303,1,1,L,True,True,0.9448037565340658,0.8953820319059613,0.9863115057343692,0.9066485291617072
303,1,1,R,True,True,0.9490293413704459,0.9030026990553306,0.9898298816568047,0.9114592201600545
303,1,2,L,True,True,0.9108872901678657,0.8363572309318302,0.9908180300500835,0.8428901118409373
303,1,2,R,True,True,0.04813511611541168,0.02466109027978079,0.11082307193778354,0.030744336569579287
303,1,3,L,True,True,0.9352028893137879,0.87829209896249,0.9936794582392776,0.8832263242375602
303,1,3,R,True,True,0.908820614469772,0.8328792007266121,0.9537181487259491,0.8679602460955986
303,1,4,L,True,True,0.94558907954328,0.8967937084089534,0.9759052007899934,0.9170997277901509
303,1,4,R,True,True,0.8600881558367696,0.7545216415117875,0.9863036034567096,0.7625110298752048
303,1,5,L,True,True,0.9276090431605389,0.8649914821124361,0.9631678785962694,0.8945822933489943
303,1,5,R,True,True,0.9387782836175851,0.8846203098988347,0.974330042313117,0.9057296446833617
303,1,6,L,True,True,0.9236673773987207,0.8581616481774961,0.9833535108958837,0.8708121147145538
303,1,6,R,True,True,0.9183023872679045,0.8489455615497793,0.9770460959548448,0.8662218515429525
303,1,7,L,True,True,0.9531662966486943,0.9105231266410826,0.9855706165282029,0.9228249744114637
303,1,7,R,True,True,0.9293572957634291,0.868036826932019,0.96906146179402,0.892778574844572
303,1,8,L,True,True,0.9473394293268701,0.8999476713762428,0.9817330745518895,0.9152740819584886
303,1,8,R,True,True,0.9378729703474118,0.88301393728223,0.9767777991905955,0.9019485719370051
303,1,9,L,True,True,0.9036037183242073,0.824157955865273,0.9887139473317542,0.8319849923789424
303,1,9,R,True,True,0.9210078587053391,0.8535816188616909,0.9668310937234224,0.8793316831683168
309,1,10,L,True,True,0.9385998616767848,0.8843035041992471,0.9785290818779042,0.901801535735381
309,1,10,R,True,True,0.9392128897968623,0.8853924418604651,0.9719186278420423,0.9086366348448688
309,1,11,L,True,True,0.9498638625481175,0.9045149754135002,0.9604138978545662,0.9395430906389302
309,1,11,R,True,True,0.9337412446662909,0.8757173059498641,0.9824650571791613,0.8896218455166066
309,1,12,L,True,True,0.9402524324957993,0.8872418879056048,0.9831658086132222,0.9009285607308671
309,1,12,R,True,True,0.9317616871141047,0.8722414051944153,0.9678494086290188,0.8982683982683982
309,1,13,L,True,True,0.9217873348682298,0.854921635293142,0.9777598634294385,0.8718761892680451
309,1,13,R,True,True,0.934441663413626,0.87695026290837,0.9627614270843191,0.9077403524425608
309,1,14,L,True,True,0.9331329121356601,0.8746477632969355,0.9841954022988506,0.8871075782610637
309,1,14,R,True,True,0.9359127958361976,0.8795452028498653,0.9815440388893466,0.894335798205773
309,1,15,L,True,True,0.9328532704285389,0.8741565190413403,0.9823070553885039,0.888140267927502
309,1,15,R,True,True,0.9152292100140949,0.8437074619477788,0.9671836580291281,0.8685719138816935
309,1,1,L,True,True,0.9092048897711837,0.8335249042145594,0.9922462941847207,0.8389895873505592
309,1,1,R,True,True,0.9317900887740196,0.8722911845150432,0.9923408329344183,0.8782037703876298
309,1,2,L,True,True,0.893802966101695,0.8079961694996409,0.9631849315068494,0.8337450592885376
309,1,2,R,True,True,0.9336589336589337,0.8755725190839695,0.9856774563162418,0.8868556701030927
309,1,3,L,True,True,0.919453207150368,0.8509147528221098,0.9880225988700565,0.8597836774827925
309,1,3,R,True,True,0.935120187194214,0.8781462245305633,0.983005366726297,0.891683569979716
309,1,4,L,True,True,0.9076811594202898,0.8309672283401884,0.9938114884163758,0.8352894105094691
309,1,4,R,True,True,0.8707141120207506,0.7710307206431237,0.9927911275415896,0.7753717337952938
309,1,5,L,True,True,0.938200046996162,0.8835939805252286,0.9795551193981027,0.9001954005711709
309,1,5,R,True,True,0.93173121077606,0.8721879925490758,0.9775172635297896,0.8900424038602135
309,1,6,L,True,True,0.9260228887725335,0.862237080373311,0.9781921618204804,0.8791364862945604
309,1,6,R,True,True,0.9166529672858786,0.8461305007587253,0.9549580407604041,0.8813023549865655
309,1,7,L,True,True,0.9452356832131578,0.8961581920903955,0.9837509302902505,0.9096226631494437
309,1,7,R,True,True,0.9331229039258236,0.8746301775147929,0.990506770906045,0.8820238687220289
309,1,8,L,True,True,0.8839873961615583,0.7920944558521561,0.9615204860570182,0.818025182239894
309,1,8,R,True,True,0.9301002263174911,0.8693339780007252,0.9869630849457939,0.8794326241134752
309,1,9,L,True,True,0.9220855301698887,0.8554347826086957,0.9816305703594512,0.8693512753564973
309,1,9,R,True,True,0.9328542555580508,0.8741582491582491,0.969994162288383,0.8984535525035147
309,2,10,L,True,True,0.9182215326828074,0.8488073671497585,0.9716581698781647,0.8703560371517027
309,2,10,R,True,True,0.916711590296496,0.8462304055735258,0.9731972529568866,0.8664232336956522
309,2,11,L,True,True,0.9065339857724413,0.829046329723225,0.9820044543429844,0.8418359553994196
309,2,11,R,True,True,0.910700578271327,0.8360424692286009,0.9835304520835636,0.8479130931961121
309,2,12,L,True,True,0.9126139454970649,0.8392731741573034,0.9875025821111341,0.8482832046845887
309,2,12,R,True,True,0.9352962559069429,0.8784568111983612,0.9884748367268537,0.887547430148327
309,2,13,L,True,True,0.9099382555416243,0.8347584530578585,0.9705288655631813,0.8564684925406368
309,2,13,R,True,True,0.9265714770551017,0.8631887985546522,0.9829750025717519,0.8762896052088587
309,2,14,L,True,True,0.9235294117647059,0.8579234972677595,0.9753539056930441,0.8769343466715502
309,2,14,R,True,True,0.0004957858205255329,0.0002479543763947434,0.0016170763260025874,0.00029277432954678535
309,2,15,L,True,True,0.9395107328301483,0.8859219625460603,0.9632292409856759,0.9169322396948958
309,2,15,R,True,True,0.9470022413149047,0.8993392754201588,0.9805637480056084,0.9156621066413834
309,2,1,L,True,True,0.8975585817691081,0.8141553527709771,0.9897186147186147,0.8210998877665544
309,2,1,R,True,True,0.9061831003651933,0.828459590145061,0.982791586998088,0.8406542056074766
309,2,2,L,True,True,0.9093963489752492,0.833846785787636,0.9859154929577465,0.8438993972147163
309,2,2,R,True,True,0.8866904102361166,0.7964454976303318,0.9847641371227659,0.8063819577735125
309,2,3,L,True,True,0.9112673948825378,0.836998350742166,0.9844810863239574,0.8481894150417827
309,2,3,R,True,True,0.9263127772213479,0.8627398720682303,0.9659803043867502,0.8897746014293568
309,2,4,L,True,True,0.9299151964129058,0.8690107487702678,0.997907949790795,0.8705968242379997
309,2,4,R,True,True,0.92546648597936,0.8612727978269306,0.9564748976513683,0.89640549273021
309,2,5,L,True,True,0.8604430978981253,0.7550681289464939,0.9774144977414497,0.7684762387958735
309,2,5,R,True,True,0.9003407155025553,0.8187451587916343,0.9929544387036168,0.8235294117647058
309,2,6,L,True,True,0.944164265129683,0.8942340498123508,0.9812804193186072,0.9097535577924332
309,2,6,R,True,True,0.9381076138223121,0.8834300217548948,0.9814702920443101,0.8984144542772862
309,2,7,L,True,True,0.8902120420438666,0.8021460637249535,0.9866666666666667,0.8109364622537082
309,2,7,R,True,True,0.9240458015267176,0.8588151826888968,0.9821501014198782,0.8724324324324324
309,2,8,L,True,True,0.87995337995338,0.785639958376691,0.9589331075359865,0.8129935391241924
309,2,8,R,True,True,0.8975390806376722,0.8141232626702232,0.9887468030690537,0.8217372821312172
309,2,9,L,True,True,0.897037295224817,0.813297939577803,0.9892373923739237,0.8205586022191047
309,2,9,R,True,True,0.9310831622176592,0.871052947532717,0.9900382096069869,0.8787548449612403
333,1,10,L,True,True,0.9324233105827646,0.8734017142054237,0.989730117028899,0.8813895781637717
333,1,10,R,True,True,0.9097436991219651,0.8344310401043364,0.9899427510444067,0.84156527458073
333,1,11,L,True,True,0.9506976744186046,0.9060283687943262,0.9699462195507751,0.9321982365460626
333,1,11,R,True,True,0.9413797777175387,0.889251648421996,0.9840606404080476,0.9022473369706417
333,1,12,L,True,True,0.9113536470936836,0.8371438940301216,0.988324764353042,0.8455053605791258
333,1,12,R,True,True,0.005801305293691081,0.002909090909090909,0.027586206896551724,0.0032414910858995136
333,1,13,L,True,True,0.9362586514518754,0.8801563018394957,0.9781637920439182,0.8977964954501015
333,1,13,R,True,True,0.9274359954145969,0.8646905839182015,0.9858245329000812,0.8755772005772006
333,1,14,L,True,True,0.9413973554907522,0.8892830188679245,0.9727565425575828,0.9119969040247679
333,1,14,R,True,True,0.9260356532191166,0.862259213720483,0.941188616263464,0.9113628790403199
333,1,15,L,True,True,0.9398944253379189,0.8866045493983176,0.9879776367228551,0.8962742630515197
333,1,15,R,True,True,0.9278653310830064,0.8654372981150591,0.9548858612289092,0.9023319265038154
333,1,1,L,True,True,0.9426664048694287,0.8915506035283194,0.9903052805280528,0.8994005245410266
333,1,1,R,True,True,0.9513207547169812,0.9071608492263404,0.9792192658768692,0.924967895798936
333,1,2,L,True,True,0.914490230218611,0.8424523257886295,0.982948637970472,0.8549466449629227
333,1,2,R,True,True,0.8935871567681376,0.8076435141135426,0.9820671037408407,0.8197328182842427
333,1,3,L,True,True,0.9127737933708083,0.8395435906578713,0.9761608623548922,0.857116854750637
333,1,3,R,True,True,0.9078413699864804,0.8312358159686404,0.9743651753325272,0.8498207129297617
333,1,4,L,True,True,0.9208716426554695,0.8533476452435261,0.9387453874538746,0.9036658141517476
333,1,4,R,True,True,0.9334161319257572,0.8751455556993143,0.9906268306971294,0.8824527071102414
333,1,5,L,True,True,0.9228379078197825,0.8567307692307692,0.9797360980207351,0.8721857082925465
333,1,5,R,True,True,0.9459979476654695,0.8975295119873433,0.9863581650394543,0.9088108441158349
333,1,6,L,True,True,0.9411684131223889,0.8888745148771022,0.980730802169569,0.9046741277156024
333,1,6,R,True,True,0.9090240494226668,0.833220978832412,0.9479981592268752,0.8731280022605256
333,1,7,L,True,True,0.9382664941785253,0.8837118627546544,0.9514114807429951,0.9254797876684361
333,1,7,R,True,True,0.9374738894304414,0.8823066841415466,0.9797225186766275,0.8987184051263795
333,1,8,L,True,True,0.924009324009324,0.8587521663778163,0.9345750324177767,0.9136798432638008
333,1,8,R,True,True,0.9302558453912783,0.8696059159412151,0.976353126642144,0.8883151654235991
333,1,9,L,True,True,0.9298906665019457,0.8689679057954283,0.9629013688115645,0.8990683229813664
333,1,9,R,True,True,0.9222983030663888,0.8558011049723757,0.9628593628593629,0.885016426224825
333,2,10,L,True,True,0.947044029612837,0.8994146538383906,0.9819303657999119,0.9145515495655744
333,2,10,R,True,True,0.9388682940477023,0.8847801726979105,0.9674931526596512,0.9118885869565218
333,2,11,L,True,True,0.929009093392655,0.8674294876466729,0.9877998174122333,0.8768233387358185
333,2,11,R,True,True,0.9284015852047556,0.866370808678501,0.9743068391866914,0.8866274179983179
333,2,12,L,True,True,0.9089975424568096,0.8331764389456697,0.9870160904890871,0.8424094092052485
333,2,12,R,True,True,0.9406646301953161,0.887976232086683,0.9690400508582326,0.9139037112536723
333,2,13,L,True,True,0.9389018852346223,0.8848398391907665,0.9738795318298601,0.9063496280552603
333,2,13,R,True,True,0.929868615757141,0.8689293945107899,0.9801020890443332,0.8845333560825798
333,2,14,L,True,True,0.9234506784011735,0.8577876181554969,0.9837874792460202,0.8700872419452362
333,2,14,R,True,True,0.9242455993294216,0.8591604168695821,0.9719574679081042,0.8809987515605493
333,2,15,L,True,True,0.8635325466311382,0.7598392229107352,0.9623161764705882,0.7831415420023015
333,2,15,R,True,True,0.42822241191534455,0.27244466084872093,0.5346170806996913,0.35714636421662493
333,2,1,L,True,True,0.933319983980777,0.8749765346348789,0.9885471898197243,0.8839370377394272
333,2,1,R,True,True,0.9180293719404229,0.8484790142472083,0.9867890729959695,0.8582278481012658
333,2,2,L,True,True,0.9465197527546358,0.898469387755102,0.9819702602230483,0.9135396852844544
333,2,2,R,True,True,0.9137127810411181,0.8411336938280813,0.9343413421706711,0.8939754260800634
333,2,3,L,True,True,0.9479077711357814,0.900974025974026,0.9774951076320939,0.9200589427150488
333,2,3,R,True,True,0.9275919294261508,0.8649617201498615,0.9709270433351618,0.8879598662207357
333,2,4,L,True,True,0.9150034676735763,0.8433238636363637,0.9263535652987985,0.9039281364190013
333,2,4,R,True,True,0.9297892934256571,0.8687908724085154,0.946060606060606,0.9140682184160445
333,2,5,L,True,True,0.9232462173314994,0.85743484925907,0.9792821709950394,0.8732760863908405
333,2,5,R,True,True,0.9130138541903248,0.8399498537400752,0.9597326118096451,0.8706323996534796
333,2,6,L,True,True,0.9337320187489898,0.8757010762467788,0.9615512649800266,0.9074772227458373
333,2,6,R,True,True,0.926141544504454,0.8624428478118876,0.9400541079310836,0.9126347802045894
333,2,7,L,True,True,0.9310596579057154,0.8710118060298566,0.9801273605621432,0.8866706396503774
333,2,7,R,True,True,0.9411887928777167,0.888910871500643,0.977057736218332,0.9078601737724793
333,2,8,L,True,True,0.9376626079716932,0.882641065830721,0.9685047834032032,0.9087241553202219
333,2,8,R,True,True,0.9476317933201444,0.9004755059161783,0.986312984496124,0.9118701007838745
333,2,9,L,True,True,0.8951841359773371,0.8102564102564103,0.9356179916845155,0.8581003004391033
333,2,9,R,True,True,0.9408315006806995,0.888273680047459,0.9674779237561921,0.9156135344476152
347,1,10,L,True,True,0.9225762384989352,0.8562798329355609,0.9898267091990689,0.863882618510158
347,1,10,R,True,True,0.9215300008208159,0.8544790318897938,0.98977342854624,0.8620901481993396
347,1,11,L,True,True,0.9344931175178227,0.877040902205016,0.9974157733537519,0.8790383804301982
347,1,11,R,True,True,0.9492549175442082,0.9034112396944255,0.9935118948594244,0.9087727307311877
347,1,12,L,True,True,0.9161200170787563,0.8452227474573843,0.9821071904127829,0.858441841856405
347,1,12,R,True,True,0.93507730954134,0.8780706035464454,0.992734964134633,0.8837494883340156
347,1,13,L,True,True,0.9166722621365743,0.8461633816784431,0.9932579909783189,0.851051450419749
347,1,13,R,True,True,0.9108986983044335,0.8363764664373291,0.9939203354297694,0.840677365014629
347,1,14,L,True,True,0.922754105699018,0.8565863286931228,0.9849489338828167,0.8679473684210526
347,1,14,R,True,True,0.935851951289673,0.8794377365291044,0.9681579208411863,0.9056323652222326
347,1,15,L,True,True,0.9239020972897237,0.8585669528420882,0.9945326860536362,0.8626384857528311
347,1,15,R,True,True,0.9231990684380459,0.8573535194651986,0.9893363584798639,0.8653502679102997
347,1,1,L,True,True,0.9339990014977534,0.8761708505058075,0.9985055508112725,0.8773213280810355
347,1,1,R,True,True,0.9321037697608431,0.8728411463275764,0.9787188763566717,0.889727219965177
347,1,2,L,True,True,0.9135008043558965,0.8407744874715262,0.9935397039030955,0.8453962437013285
347,1,2,R,True,True,0.9270456402474612,0.8640121845082681,0.9974880683245416,0.8658962058438726
347,1,3,L,True,True,0.9155227032734953,0.8442064264849075,0.998387839705205,0.8453588143525741
347,1,3,R,True,True,0.9269083748407274,0.8637737478411054,0.9910824869952936,0.8705395996518712
347,1,4,L,True,True,0.91647894645642,0.8458339996801535,0.99529544599172,0.8492292870905588
347,1,4,R,True,True,0.8995697152796851,0.8174708818635608,0.990923759580476,0.8236378876781224
347,1,5,L,True,True,0.9283018867924528,0.8661971830985915,0.9986782477341389,0.8671913428430891
347,1,5,R,True,True,0.9292758998566973,0.867894819713431,0.9949458483754513,0.8717380990036375
347,1,6,L,True,True,0.922234223113717,0.8556907659269865,0.9618603154168007,0.8857439241256668
347,1,6,R,True,True,0.9389173372348207,0.8848672871423647,0.9936133152699825,0.889928930490553
347,1,7,L,True,True,0.939799331103679,0.886435331230284,0.9819892473118279,0.9010853478046374
347,1,7,R,True,True,0.933082757232029,0.8745596376446905,0.9863771817794806,0.8852521650534896
347,1,8,L,True,True,0.907567426027756,0.8307766059443912,0.9884500213888493,0.83892048892654
347,1,8,R,True,True,0.9379141960237182,0.8830870279146141,0.9954343534057256,0.886678390855133
347,1,9,L,True,True,0.927986370486862,0.8656479217603912,0.9783089251174357,0.882587560762807
347,1,9,R,True,True,0.8987701040681173,0.8161512027491409,0.9842859609739251,0.826925866821413
347,2,10,L,True,True,0.9340277777777778,0.8762214983713354,0.9873028469397878,0.8862078176475826
347,2,10,R,True,True,0.9247638792904861,0.8600565601165481,0.9897435897435898,0.86779074794639
347,2,11,L,True,True,0.9266329048175561,0.8632954270505686,0.9783383602961339,0.8801184015786877
347,2,11,R,True,True,0.9205696519907732,0.8528291368577534,0.9837102132676027,0.865045707284893
347,2,12,L,True,True,0.8653284671532847,0.7626246381473143,0.9894282932257615,0.7688898497459734
347,2,12,R,True,True,0.9349376961856749,0.8778244172546218,0.9854622017244836,0.8893412956930872
347,2,13,L,True,True,0.9280814138385353,0.8658133423751802,0.9934348100958031,0.8707958566008781
347,2,13,R,True,True,0.9316795537516156,0.8720974657214416,0.9922720247295209,0.8780612899089627
347,2,14,L,True,True,0.9213358257969989,0.8541451990632318,0.9857830152981242,0.864798216910893
347,2,14,R,True,True,0.9177215189873418,0.847953216374269,0.9977504300648405,0.8495774647887324
347,2,15,L,True,True,0.9165487106898886,0.8459528543027549,0.9774233773052439,0.8628121198076589
347,2,15,R,True,True,0.8951202893233398,0.8101518026565465,0.9857431457431457,0.8197571161138578
347,2,1,L,True,True,0.9234488315874295,0.8577844311377245,0.9957795431976166,0.8609143593045718
347,2,1,R,True,True,0.9093428802402125,0.8337568826768319,0.9994922569179995,0.8341101694915254
347,2,2,L,True,True,0.9452890681559624,0.8962541674838204,0.9811077715757835,0.911993614049092
347,2,2,R,True,True,0.9085057471264368,0.8323504633529908,0.9877530617345663,0.8410300063843371
347,2,3,L,True,True,0.8069420539300057,0.6763645106996874,0.9929403459230498,0.679632761536603
347,2,3,R,True,True,0.9208616780045351,0.8533305316242908,0.9859189123573683,0.8638587534567114
347,2,4,L,True,True,0.9218436873747495,0.8550185873605948,0.9924487594390508,0.8606173994387278
347,2,4,R,True,True,0.9146559809020377,0.8427336999214454,0.9998136067101584,0.8428661219358894
347,2,5,L,True,True,0.9186873447005398,0.8496038034865293,0.9990682072307119,0.8502775574940523
347,2,5,R,True,True,0.8849270664505673,0.7936046511627907,0.9799408783783784,0.8067095428472102
347,2,6,L,True,True,0.7514273778025344,0.6018291322774928,1.0,0.6018291322774928
347,2,6,R,True,True,0.917057590577902,0.8468202764976959,0.977238885343544,0.8638585934561865
347,2,7,L,True,True,0.926782763442227,0.8635556081961389,0.996174340756934,0.8664289958407605
347,2,7,R,True,True,0.9246900635292666,0.8599288746128255,0.9937690574042158,0.8645905420991926
347,2,8,L,True,True,0.9362352042764414,0.8801148600143575,0.9872500335525433,0.8902335713421275
347,2,8,R,True,True,0.926131850675139,0.8624260355029586,0.9801314381782057,0.8777716944976731
347,2,9,L,False,True,0.0,0.0,0.0,0.0
347,2,9,R,False,True,0.0,0.0,0.0,0.0
359,1,10,L,True,True,0.8965623199539082,0.8125174046226677,0.984811408319973,0.8228285391990976
359,1,10,R,True,True,0.9263786441868633,0.8628541516717921,0.9491830418196214,0.9046443026685875
359,1,11,L,True,True,0.9520379023883697,0.9084659689106336,0.9914836093274755,0.9156107608763497
359,1,11,R,True,True,0.9315964585800485,0.8719518631901193,0.9929078014184397,0.8774166135542809
359,1,12,L,True,True,0.900036398530823,0.8182419830335118,0.9937162063422476,0.8224977320834593
359,1,12,R,True,True,0.9429127255651707,0.8919913694631298,0.9813586539132864,0.9073655671034795
359,1,13,L,True,True,0.9303840028313572,0.8698299252200384,0.9887539022830707,0.8785215386157805
359,1,13,R,True,True,0.9269923140874463,0.8639195471363967,0.9781931464174455,0.8808848187798272
359,1,14,L,True,True,0.9459536980127023,0.8974498522780283,0.9855282817502669,0.9094347055347646
359,1,14,R,True,True,0.9206416283696934,0.852952691680261,0.9914669296116505,0.8592604765817584
359,1,15,L,True,True,0.8866662191492695,0.7964064635420853,0.9934316085038106,0.8006222976522407
359,1,15,R,True,True,0.9284898445647316,0.8665245400194652,0.9851933818105174,0.87795830202855
359,1,1,L,True,True,0.9239688587046546,0.8586822660098522,0.9991044241447251,0.8593437066707749
359,1,1,R,True,True,0.9394365033462778,0.8857899657214086,0.9980688202247191,0.8873107538629624
359,1,2,L,True,True,0.8894146512443042,0.8008521382357583,0.9996060665747488,0.8011049723756906
359,1,2,R,True,True,0.9288994457640538,0.8672383205204022,0.9895411605937922,0.8752611160847508
359,1,3,L,True,True,0.8806782686300758,0.7867963642162334,0.9967676767676767,0.7888089528377298
359,1,3,R,True,True,0.9016144349477683,0.8208542279093896,0.9584090450232182,0.8511744665590819
359,1,4,L,True,True,0.9107876593077512,0.8361892583120205,0.999083269671505,0.8368313283849501
359,1,4,R,True,True,0.9275120116983497,0.8648227502921698,0.9935849619573326,0.8696787673021676
359,1,5,L,True,True,0.8946939883294884,0.8094536525475752,0.9986367767343229,0.8103490658800393
359,1,5,R,True,True,0.9108910891089109,0.8363636363636363,0.9978706414692574,0.8378589786568331
359,1,6,L,True,True,0.8888595041322314,0.799952397953112,0.9992567266240523,0.800428673493689
359,1,6,R,True,True,0.8434426229508196,0.7292700212615166,0.9738784781374219,0.7438195749602429
359,1,7,L,True,True,0.9046305078899716,0.8258679052192396,0.9990477097419294,0.8265185535334436
359,1,7,R,True,True,0.9268433655354636,0.8636608448103409,0.9839586255259467,0.8759950054627751
359,1,8,L,True,True,0.9190329066745133,0.8501950821159604,0.9974451777730466,0.85205055924343
359,1,8,R,True,True,0.9266565939995683,0.8633365508365508,0.9813477187528573,0.8777396140006543
359,1,9,L,True,True,0.0,0.0,0.0,0.0
359,1,9,R,True,True,0.9047204698716554,0.8260178748758689,0.9841457643161382,0.837157809983897
359,2,10,L,True,True,0.9196791406056751,0.8513018448253303,0.9838953576289128,0.8633317853114841
359,2,10,R,True,True,0.9310517290654473,0.870997927945993,0.9866737336261073,0.8813662495772743
359,2,11,L,True,True,0.9238707801882335,0.8585128655365706,0.9822284036470407,0.8720587226452631
359,2,11,R,True,True,0.9281738433450595,0.8659742417947652,0.990778591120829,0.8730105545317474
359,2,12,L,True,True,0.9187993363165569,0.8497953869047619,0.9819451907576572,0.8632842025699169
359,2,12,R,True,True,0.9159887297114965,0.844999267828379,0.9835520709050622,0.8571110285926477
359,2,13,L,True,True,0.9264050440265246,0.8628999594977724,0.991714378811153,0.8691661227154047
359,2,13,R,True,True,0.9283041589609049,0.8662011397383418,0.983594604447685,0.8788989331378777
359,2,14,L,True,True,0.9215721545172461,0.8545515199532964,0.9959177722700102,0.8575553416746872
359,2,14,R,True,True,0.8874100617125956,0.7976074842799448,0.9550100997735202,0.8287474768936577
359,2,15,L,True,True,0.8608163390852327,0.7556431580084242,0.9250347061545581,0.8049355729406351
359,2,15,R,True,True,0.8883525974850756,0.7991316270566727,0.9952755009107468,0.8021746111850254
359,2,1,L,True,True,0.9146327995582552,0.8426943426943427,0.9838441435020194,0.8545191910854313
359,2,1,R,True,True,0.9307106849856677,0.8704011832131633,0.9896993903720832,0.8783582089552239
359,2,2,L,True,True,0.9455013325981068,0.8966358724071815,0.9928585215209419,0.9024561403508772
359,2,2,R,True,True,0.9210447313119183,0.8536449638286032,0.9961038961038962,0.8565047459519821
359,2,3,L,True,True,0.8953572987920244,0.810540184453228,0.9642633228840125,0.8356424884542244
359,2,3,R,True,True,0.9122728792776725,0.8386964541914327,0.9857865574560347,0.8489626556016597
359,2,4,L,True,True,0.9184036193246081,0.8491186136838961,0.9917989879602164,0.8551226117045284
359,2,4,R,True,True,0.9172166998011928,0.8470916568742656,0.9771263978312437,0.8642289824666567
359,2,5,L,True,True,0.9177075679647319,0.8479293957909029,0.991112521821933,0.8544260500752497
359,2,5,R,True,True,0.8857118543102714,0.7948678784175959,0.9961715160796325,0.7973035085031408
359,2,6,L,True,True,0.922328207124781,0.8558526011560693,0.981562046819971,0.8698366073067744
359,2,6,R,True,True,0.9209164818920916,0.8534246575342466,0.981789528979163,0.8671512527064645
359,2,7,L,True,True,0.910944935418083,0.83645443196005,0.9962825278810409,0.839073262366938
359,2,7,R,True,True,0.9424501424501425,0.8911637931034483,0.9869805793642183,0.9017644726407613
359,2,8,L,True,True,0.9308988764044944,0.8707304256437205,0.9898446833930705,0.8785790031813362
359,2,8,R,True,True,0.8764135702746365,0.7800143781452192,0.9913202375513933,0.7853782120883098
359,2,9,L,True,True,0.8324468085106383,0.7129840546697038,0.9540971848664156,0.7383099764118218
359,2,9,R,True,True,0.06854394227878545,0.035488222475874236,0.294067067927773,0.03879310344827586
367,1,10,L,True,True,0.9324036412938215,0.8733671988388969,0.9930687350441456,0.8787237149532711
367,1,10,R,True,True,0.915417486264668,0.8440275171982489,0.9899508545441209,0.851321516432221
367,1,11,L,True,True,0.9173603363940616,0.8473367152821814,0.9758101323596531,0.8655169621892964
367,1,11,R,True,True,0.9247781172704787,0.8600811907983762,0.9766441303011678,0.8781431334622823
367,1,12,L,True,True,0.9363725454611448,0.8803576303576304,0.9749811035525321,0.9007052580127086
367,1,12,R,True,True,0.9205682272909164,0.8528266913809083,0.9793529161345254,0.8684409211023028
367,1,13,L,True,True,0.927345272339241,0.8645328719723183,0.9936863037534178,0.869308050276171
367,1,13,R,True,True,0.8324841350133357,0.7130388202672044,0.9970040093404414,0.7145699128457749
367,1,14,L,True,True,0.9152480655439236,0.8437395099026519,0.9980146912844947,0.8451580363147276
367,1,14,R,True,True,0.9393830170677409,0.8856948664640972,0.9843590313263719,0.8983373884833739
367,1,15,L,True,True,0.9010151528683278,0.8198613067504605,0.9993396288714257,0.8203057241977451
367,1,15,R,True,True,0.9055417338764797,0.8273880895283773,0.9790139512887207,0.8423274502822847
367,1,1,L,True,True,0.9011273332101275,0.8200470904809957,0.989247311827957,0.8274223655184116
367,1,1,R,True,True,0.9482288828337875,0.9015544041450777,0.9866471556612402,0.9126903553299492
367,1,2,L,True,True,0.8876066231811339,0.7979251240414975,1.0,0.7979251240414975
367,1,2,R,True,True,0.914474965906877,0.8424264178033022,0.9949130987706656,0.8460706560922855
367,1,3,L,True,True,0.8748955140707718,0.7776126795443289,0.9427542033626901,0.8161497140876798
367,1,3,R,True,True,0.9305493323774532,0.8701189877660466,0.9944455085232714,0.8743684742337487
367,1,4,L,True,True,0.8752705829663358,0.7782054685426069,0.979124916499666,0.791334863004454
367,1,4,R,True,True,0.8590467912501811,0.7529202640934485,0.9947995302801543,0.7558954748247291
367,1,5,L,True,True,0.9264807559345472,0.863031343924431,0.9939014339871436,0.8676258992805755
367,1,5,R,True,True,0.9272691629092334,0.8644005847953217,0.9894017570771162,0.8724790949335957
367,1,6,L,True,True,0.9225031081641111,0.8561538461538462,0.9816257533441128,0.8700977198697069
367,1,6,R,True,True,0.9207268896497235,0.8530990727183992,0.9731384829505915,0.8736723728601774
367,1,7,L,True,True,0.9429683157309616,0.8920908708456037,0.9888085800885987,0.9011899702507438
367,1,7,R,True,True,0.9263458789899952,0.8627973020944267,0.9927499234146839,0.8682682861480754
367,1,8,L,True,True,0.9326271186440678,0.8737594283445812,0.9960778397948409,0.8767759925640685
367,1,8,R,True,True,0.8850838481906443,0.7938568714376187,0.9906480505795574,0.7998511113474424
367,1,9,L,True,True,0.9470187489443161,0.8993690514383489,0.9696760059956185,0.9253961267605634
367,1,9,R,True,True,0.9058963361066612,0.8279803514075194,0.9841679766449585,0.839157491622786
367,2,10,L,True,True,0.8932753429240549,0.8071342200725514,0.9983974358974359,0.8081812678370665
367,2,10,R,True,True,0.9342496285289748,0.8766120599512025,0.9734855815753822,0.8980539189430459
367,2,11,L,True,True,0.8983337605742118,0.8154318689501117,0.9697808279831747,0.8366918154904021
367,2,11,R,True,True,0.8951920169337768,0.8102693234070506,0.9807845216008482,0.82333963733452
367,2,12,L,True,True,0.8022458565027264,0.6697917605697287,0.9993275050437121,0.6700937950937951
367,2,12,R,True,True,0.7884615384615384,0.6507936507936508,0.9998948806895827,0.650838179952104
367,2,13,L,True,True,0.9053827625929417,0.827122697919158,0.9872109620325435,0.8360814273971278
367,2,13,R,True,True,0.892570281124498,0.8059836808703535,0.9832983077093241,0.8171706958360143
367,2,14,L,True,True,0.86646512514639,0.7643921191734743,0.9880124223602484,0.771547751855265
367,2,14,R,True,True,0.8985128983308043,0.8157271174298782,0.9760005274609349,0.8324242253837935
367,2,15,L,True,True,0.8942533399020488,0.8087325715483803,0.9870769624464206,0.8173871582962492
367,2,15,R,True,True,0.9432709716354858,0.892632781267847,0.97479340990593,0.9137233887075559
367,2,1,L,True,True,0.860128617363344,0.7545839210155149,0.9965075669383003,0.7565847622414708
367,2,1,R,True,True,0.9029264134861256,0.8230317679558011,0.9605077574047954,0.8518584703359543
367,2,2,L,True,True,0.8337827426810478,0.7149463253509496,0.9774215398509821,0.7269521410579345
367,2,2,R,True,True,0.9247529200359389,0.8600376018383121,0.988950276243094,0.8683821978485552
367,2,3,L,True,True,0.9394271785496648,0.8857733854286371,0.9869398207426376,0.8962790697674419
367,2,3,R,True,True,0.9350118355928556,0.8779551424530209,0.9821428571428571,0.8921971252566735
367,2,4,L,True,True,0.9118582024853097,0.8379957507082153,0.9957921312855039,0.8409737029140014
367,2,4,R,True,True,0.9437794704388829,0.8935439560439561,0.9844873250094589,0.9063044235458029
367,2,5,L,True,True,0.9124795640326976,0.8390459009821608,0.9787234042553191,0.8546345447121274
367,2,5,R,True,True,0.8949637023593466,0.8098952987066311,0.9942036290322581,0.8137376237623762
367,2,6,L,True,True,0.9310074480595845,0.8709204253758709,0.997480050398992,0.8728408673281882
367,2,6,R,True,True,0.925505400166159,0.8613402061855671,0.9934601664684899,0.8662519440124417
367,2,7,L,True,True,0.8977477153342448,0.8144666405535971,0.9976011514473053,0.816064887493459
367,2,7,R,True,True,0.9227226939127932,0.8565321934277318,0.961896189618962,0.8866150442477876
367,2,8,L,True,True,0.9124711831635309,0.8390317286652079,0.9773777282141151,0.8556485355648535
367,2,8,R,True,True,0.9110187462889134,0.836578906371709,0.9686147186147186,0.8598879103282626
367,2,9,L,True,True,0.8736686181843831,0.7756763527054108,0.9950192802056556,0.7786998616874136
367,2,9,R,True,True,0.9407958589453251,0.8882101405009163,0.974792169482435,0.9090909090909091
377,1,10,L,True,True,0.9266878623527212,0.8633908346401812,0.9881015687317203,0.8724615565207184
377,1,10,R,True,True,0.9019445593711213,0.8214016578749058,0.9911863458310016,0.8274452554744526
377,1,11,L,True,True,0.913167901524952,0.8402106478141682,0.9794802792027584,0.8552650903216331
377,1,11,R,True,True,0.9468660729289196,0.899093694153689,0.9846917377324199,0.9118389539776037
377,1,12,L,False,True,0.0,0.0,0.0,0.0
377,1,12,R,True,True,0.0,0.0,0.0,0.0
377,1,13,L,True,True,0.9052771956563155,0.8269465037764088,0.9894223962020572,0.8343224356498227
377,1,13,R,True,True,0.9286870087840962,0.8668680548063438,0.9881933341532407,0.8759402594571024
377,1,14,L,True,True,0.9203278990513033,0.8524142637775124,0.96475813459496,0.8798098089284142
377,1,14,R,True,True,0.9292751804204581,0.8678935646465831,0.9761371127224786,0.8867065868263473
377,1,15,L,True,True,0.9080336827366251,0.8315583259127337,0.9938697318007663,0.8358454763524399
377,1,15,R,True,True,0.9342678981668151,0.8766442303462232,0.9723808129605231,0.8990300022558088
377,1,1,L,True,True,0.9368691189050471,0.8812359188928227,0.9969051520116512,0.8836533806680652
377,1,1,R,True,True,0.9120126448893572,0.8382566585956417,0.9785189372526851,0.8539713862851505
377,1,2,L,True,True,0.9122406244051019,0.8386419320966049,0.9997913624035051,0.8387887274636793
377,1,2,R,True,True,0.9315462804713501,0.8718639501599595,0.9838495154854645,0.8845234028015032
377,1,3,L,True,True,0.8685917555974053,0.7677085259848345,0.9911652340019103,0.7729981378026071
377,1,3,R,True,True,0.9131458307520753,0.8401732786137711,0.9787516600265604,0.8557826288899211
377,1,4,L,True,True,0.942622412093329,0.8914719045251119,0.9908801989774768,0.8988468287791427
377,1,4,R,True,True,0.910227844462014,0.8352460097612452,0.9852186089933095,0.8458455784130376
377,1,5,L,True,True,0.9047110840067083,0.8260022271714922,0.98998998998999,0.8329590117911286
377,1,5,R,True,True,0.9327073552425665,0.873900293255132,0.970396684428656,0.8978362092577377
377,1,6,L,True,True,0.9110821003771395,0.8366857599573732,0.9930434782608696,0.8416186520166153
377,1,6,R,True,True,0.9031522358882463,0.8234070993613545,0.9784680550653018,0.8386023294509152
377,1,7,L,True,True,0.9353366824906669,0.8785281385281385,0.9938295788442704,0.8833463915730826
377,1,7,R,True,True,0.9367755532139094,0.8810703666997026,0.9637331230905687,0.9112850619699935
377,1,8,L,True,True,0.9040783034257749,0.8249479011610599,0.9869405200047489,0.8340523728303402
377,1,8,R,True,True,0.9213471765003799,0.8541647103014367,0.9865509761388286,0.864228028503563
377,1,9,L,True,True,0.9268583830710798,0.8636869248660127,0.987627197039778,0.8731343283582089
377,1,9,R,True,True,0.8979210128767715,0.814751958224543,0.9920521379748848,0.8201051248357425
379,1,10,L,True,True,0.9495748467470833,0.9039909638554217,0.9753818654533637,0.9250982507513292
379,1,10,R,True,True,0.938056568985132,0.8833394902105652,0.9590117911285795,0.917997542997543
379,1,11,L,True,True,0.9505641930385562,0.9057859344354161,0.9744536548605878,0.9278180383152759
379,1,11,R,True,True,0.933806994100968,0.8758329767072202,0.9589664636187161,0.9099339430894309
379,1,12,L,True,True,0.8097511080804637,0.6803208249785162,0.9824875896304468,0.6886719505122753
379,1,12,R,True,True,0.8559483643831598,0.7481728426721375,0.9590729783037475,0.7728476821192053
379,1,13,L,True,True,0.9332266068998639,0.8748124137103067,0.9837985621223884,0.8875997320177843
379,1,13,R,True,True,0.9385943203613191,0.8842936667541021,0.972530290403231,0.9069468523943325
379,1,14,L,True,True,0.9443859757733342,0.8946318958439222,0.9611862555658237,0.9281629010668073
379,1,14,R,True,True,0.9328739008454311,0.8741927515262731,0.9757750029542679,0.8935863213332371
379,1,15,L,True,True,0.9197534840773905,0.8514292529718125,0.9833777206355038,0.8638618853616231
379,1,15,R,True,True,0.9249066387574035,0.8603035532545688,0.9921918856851237,0.8661676913481244
379,1,1,L,True,True,0.9326709837665218,0.8738364361702128,0.9863039399624766,0.8845700824499411
379,1,1,R,True,True,0.9454421070634513,0.8965293545248135,0.9679565750306426,0.9239511950526492
379,1,2,L,True,True,0.9095978371071308,0.8341856500852317,0.9732417284397035,0.853766851704996
379,1,2,R,True,True,0.921752603942498,0.8548618872744691,0.9880051670049824,0.8638270409809616
379,1,3,L,True,True,0.18829337094499296,0.10393149085247178,0.33648393194706994,0.13072215422276623
379,1,3,R,True,True,0.8475894245723172,0.7354925775978407,0.9714795008912656,0.7517241379310344
379,1,4,L,True,True,0.9308697484895321,0.8706794585359443,0.9846908442330559,0.8826272315480949
379,1,4,R,True,True,0.930689048328144,0.8703633371312824,0.9733824154042192,0.891583452211127
379,1,5,L,True,True,0.9070176673470824,0.8298557444616177,0.9815661182205973,0.8429935889048803
379,1,5,R,True,True,0.9263130043656568,0.8627402661409561,0.9677954388389772,0.8882405175694532
379,1,6,L,True,True,0.8684279820942684,0.7674526838349364,0.9759321365160781,0.782258064516129
379,1,6,R,True,True,0.8576417419884963,0.7507642510339867,0.9718342644320298,0.7674632352941176
379,1,7,L,True,True,0.940902745463006,0.8884007029876977,0.989817897004112,0.8965945370698829
379,1,7,R,True,True,0.942786848579736,0.8917660996868918,0.9795501022494888,0.9086832801586617
379,1,8,L,True,True,0.9268203606482538,0.8636208950144632,0.9912117957230739,0.8702846364883402
379,1,8,R,True,True,0.9347598253275109,0.8775108633270476,0.9788732394366197,0.8944509443423032
379,1,9,L,True,True,0.8983512917045307,0.8154607588970069,0.9713644020213363,0.8355469693310794
379,1,9,R,True,True,0.9138168881144267,0.8413101604278075,0.9694962255430596,0.8641856632793189
389,1,10,L,True,True,0.9001678935812992,0.8184593705965242,0.9737356803576418,0.8369356388088377
389,1,10,R,True,True,0.8805616646929454,0.7866102463351973,0.9886039886039886,0.7938081439682781
389,1,11,L,True,True,0.8956439676153579,0.8110101646127552,0.9844944310984931,0.821503416856492
389,1,11,R,True,True,0.926038976285513,0.8622649759510276,0.9948709324812915,0.8661152185052339
389,1,12,L,True,True,0.8265168802293604,0.7043278819305944,0.9971763377100099,0.7057354116706634
389,1,12,R,True,True,0.8018829308227589,0.6692859583190981,0.9959328927300457,0.671120246659815
389,1,13,L,True,True,0.9156525607809269,0.8444272819423662,0.9892558244741009,0.8522433867589029
389,1,13,R,True,True,0.8985067722120846,0.8157170189929535,0.9917167820265517,0.8213127848517596
389,1,14,L,True,True,0.8856420342792919,0.794755421079173,0.9832928942807626,0.8056344428035896
389,1,14,R,True,True,0.8949406494393967,0.8098575420273922,0.985617125655034,0.8195429472025216
389,1,15,L,True,True,0.894186118506594,0.8086226203807391,0.9906029220111119,0.8148733284432658
389,1,15,R,True,True,0.7494408036730369,0.59928454876365,0.935717785399314,0.6250163633983505
389,1,1,L,True,True,0.8859193268992823,0.7952021323856064,0.9908663160808192,0.8010740657865294
389,1,1,R,True,True,0.8707710699342498,0.7711200508151599,0.988599348534202,0.7780388805810724
389,1,2,L,True,True,0.859504132231405,0.7536231884057971,0.9994428969359331,0.753939903341038
389,1,2,R,True,True,0.9037735849056604,0.8244406196213425,0.9869505494505495,0.8335266821345708
389,1,3,L,True,True,0.7754047537030658,0.6331926863572434,0.9890158172231986,0.6376770538243626
389,1,3,R,True,True,0.6772277227722773,0.5119760479041916,0.9480249480249481,0.5267616480554486
389,1,4,L,True,True,0.8615759050806207,0.7568145376803849,0.9943820224719101,0.7600644122383253
389,1,4,R,True,True,0.8580870550467378,0.7514469985116586,0.9795214485880578,0.7634408602150538
389,1,5,L,True,True,0.7750076320341915,0.6326632330951986,0.9992128050380478,0.6329787234042553
389,1,5,R,True,True,0.8994861913937059,0.817332944266122,0.9859204505455825,0.8269855329199882
389,1,6,L,True,True,0.7495312081435842,0.5994001713796058,0.9936079545454546,0.6017204301075268
389,1,6,R,True,True,0.6642413218129453,0.4972764412165229,0.9673289183222958,0.5057710064635272
389,1,7,L,True,True,0.8926570118623098,0.8061251314405888,0.9765923566878981,0.8220077737568691
389,1,7,R,True,True,0.9109439124487004,0.8364527069463635,0.9871034687222058,0.8456946913893828
389,1,8,L,True,True,0.783419689119171,0.6439522998296422,0.9998110712261478,0.6440306681270537
389,1,8,R,True,True,0.9355951696377228,0.8789843327930849,0.9836759371221282,0.8919956140350878
389,1,9,L,True,True,0.886347288159977,0.7958920036171038,0.9837138751397094,0.8065191779028669
389,1,9,R,True,True,0.7462785312603374,0.5952506596306069,0.9665809768637532,0.6077586206896551
3,1,10,L,True,True,0.8997060283281793,0.8176960444136017,0.9950177334909643,0.8210577660093373
3,1,10,R,True,True,0.920443568641088,0.8526127415891196,0.9926660555046254,0.8580175767180521
3,1,11,L,True,True,0.8992675570874623,0.8169719743228433,0.9909790143386193,0.8230933038883192
3,1,11,R,True,True,0.9142857142857143,0.8421052631578947,0.9806231327358088,0.856354826686545
3,1,12,L,True,True,0.9460636753196161,0.8976478494623656,0.9966422921951947,0.900370744860128
3,1,12,R,True,True,0.8530897457484425,0.743815605960508,0.994406280667321,0.7469408816158042
3,1,13,L,True,True,0.9280829342320503,0.8658159888210635,0.9932922713466081,0.8709080821157759
3,1,13,R,True,True,0.9013120131201312,0.8203530245923051,0.9868911335578002,0.8293906810035843
3,1,14,L,True,True,0.9088741114423298,0.8329690652320108,0.987837703120327,0.8416001358926448
3,1,14,R,True,True,0.915046232623093,0.8433965207894532,0.9888416335116843,0.8515003544144286
3,1,15,L,True,True,0.9133659662697988,0.8405460697143756,0.9923362749651649,0.8460380944838237
3,1,15,R,True,True,0.9053274340862636,0.82703034887019,0.9785770220382594,0.8422801020653796
3,1,1,L,True,True,0.8848344231174857,0.7934556459239644,0.9966737942504158,0.7955622985018016
3,1,1,R,True,True,0.9335753951302862,0.8754255958341678,0.9824679703304113,0.8893184130213632
3,1,2,L,True,True,0.9110593949205706,0.836647463296785,0.9808278867102397,0.8505573398828642
3,1,2,R,True,True,0.887152034261242,0.79719068693477,0.9911483253588517,0.8029069767441861
3,1,3,L,True,True,0.9346314325452016,0.8772845953002611,0.9911504424778761,0.8842105263157894
3,1,3,R,True,True,0.9279048302738181,0.8655060264013774,0.9662537377189235,0.892483724600513
3,1,4,L,True,True,0.9151448362720404,0.8435640690756059,0.9829218802840717,0.8561119293078056
3,1,4,R,True,True,0.8776678813118167,0.7820037105751392,0.9830903790087464,0.7926657263751763
3,1,5,L,True,True,0.9105379513633014,0.8357683982683982,0.9940466613032984,0.8399728076138682
3,1,5,R,True,True,0.9348798211291224,0.8777223825767515,0.9825231311499486,0.8916433426629349
3,1,6,L,True,True,0.9199428700293167,0.8517538975501113,0.9960931141136252,0.854608938547486
3,1,6,R,True,True,0.9381180223285487,0.8834484830279363,0.9754560530679933,0.9035330261136713
3,1,7,L,True,True,0.9116656269494697,0.8376705261951164,0.9925292040206466,0.8429856945085371
3,1,7,R,True,True,0.9266183390563398,0.8632701421800948,0.9880661784648765,0.8723659003831418
3,1,8,L,True,True,0.9251079580505861,0.860651974288338,0.9920613919026198,0.8666204345815997
3,1,8,R,True,True,0.9207058553913143,0.8530629578511519,0.9766622097970098,0.8708139156822369
3,1,9,L,True,True,0.905982905982906,0.828125,0.9960358244017031,0.8308634415186773
3,1,9,R,True,True,0.885555142963238,0.794615487138478,0.978821211623707,0.8085164090046107
413,1,10,L,True,True,0.9141310516436024,0.8418428881563078,0.9541602114280506,0.877325289089995
413,1,10,R,True,True,0.9273574216291074,0.8645539906103287,0.9670050761421319,0.890832863017012
413,1,11,L,True,True,0.8836931007502187,0.7916220004947637,0.9843125192248539,0.8017370970435944
413,1,11,R,True,True,0.05758480741251244,0.029645982811637626,0.25268817204301075,0.03249503068014865
413,1,12,L,True,True,0.8464880521361332,0.7338355304456999,0.9803522223553373,0.7447892964412487
413,1,12,R,True,True,0.9414930484771884,0.8894538171173253,0.9502098592708419,0.9329347123464771
413,1,13,L,True,True,0.9110512129380054,0.8366336633663366,0.9364842840512223,0.8869630413689689
413,1,13,R,True,True,0.9279948613638797,0.8656626987297276,0.963755225473628,0.8947933440687064
413,1,14,L,True,True,0.0,0.0,0.0,0.0
413,1,14,R,True,True,0.02778987716700061,0.01409072838906312,0.10260533933740752,0.016071338606478917
413,1,15,L,True,True,0.7968964301108977,0.6623672724903915,0.9390469154045068,0.6921244299230822
413,1,15,R,True,True,0.9409116488463702,0.8884165781083954,0.9859102476568804,0.899841377747564
413,1,1,L,True,True,0.9028046421663443,0.8228294402820626,0.9772310913373462,0.8389126039092338
413,1,1,R,True,True,0.9255271422162404,0.8613778705636743,0.9835518474374255,0.8739673797924169
413,1,2,L,True,True,0.8914249816773113,0.8041178692859842,0.9781709558823529,0.8188113098672821
413,1,2,R,True,True,0.9125935711140467,0.8392387122899372,0.9954370797310279,0.842479674796748
413,1,3,L,True,True,0.8846644256404312,0.7931822905840782,0.9812291077397789,0.805403123680878
413,1,3,R,True,True,0.919511945042551,0.851015372936041,0.990939226519337,0.8576893649579189
413,1,4,L,True,True,0.9338677354709419,0.8759398496240601,0.9769392033542977,0.8944337811900192
413,1,4,R,True,True,0.9073098452420152,0.8303450354075637,0.9837558014994645,0.8418881759853346
413,1,5,L,True,True,0.8549145085491451,0.7465944813133077,0.9953434225844005,0.749211356466877
413,1,5,R,True,True,0.9076527585525015,0.8309196234612599,0.9843448423761527,0.8420473307649973
413,1,6,L,True,True,0.9163027007754702,0.845533804902122,0.9648958137788624,0.8723693143245078
413,1,6,R,True,True,0.9330834699773561,0.8745608899297423,0.9809555081267444,0.8896664681357951
413,1,7,L,True,True,0.0,0.0,0.0,0.0
413,1,7,R,True,True,0.9198471105025957,0.8515897327558889,0.9780419750090986,0.8681886711178117
413,1,8,L,True,True,0.006661306994372344,0.0033417838211569485,0.11983471074380166,0.0034258712344949795
413,1,8,R,True,True,0.8974831184775937,0.8140311804008908,0.9868006599670016,0.8229922441831373
413,1,9,L,True,True,0.8706580062129342,0.770942735683921,0.9667607400439009,0.7919342409452864
413,1,9,R,True,True,0.9398585572842999,0.8865407193937453,0.9738539101887678,0.9081565711786573
415,1,10,L,True,True,0.904372032094318,0.8254371543864893,0.9821285676180315,0.838024429102496
415,1,10,R,True,True,0.928941930586598,0.8673123868021104,0.9885119368156525,0.8761435048922123
415,1,11,L,True,True,0.900571850212138,0.8191275167785235,0.9962248750127538,0.8216780274341496
415,1,11,R,True,True,0.9312228178416102,0.8712974354121321,0.982499199658521,0.8850331635105259
415,1,12,L,True,True,0.8973756978139511,0.8138544525409294,0.9600357222594329,0.8423939661083358
415,1,12,R,True,True,0.9351767075627174,0.8782459157351676,0.990016477658234,0.8860935195627657
415,1,13,L,True,True,0.9171787841542971,0.847026979830612,0.9866761594792515,0.8568274156509451
415,1,13,R,True,True,0.925339859936511,0.8610534860647605,0.9824028813995369,0.8745419567607182
415,1,14,L,True,True,0.9059032640310245,0.8279919263525821,0.9736598355910617,0.846963440427032
415,1,14,R,True,True,0.9173644642747998,0.8473437588212047,0.9595320291522823,0.8787470725995317
415,1,15,L,True,True,0.8712989493791786,0.7719483816374022,0.9822341857335127,0.7828792104698562
415,1,15,R,True,True,0.36923669265569353,0.22641954904969896,0.7899505766062603,0.24092450697148599
415,1,1,L,True,True,0.91632110579479,0.8455651491365777,0.9944611123932611,0.8495662460567823
415,1,1,R,True,True,0.9021340806208235,0.8217160808953465,0.9860980207351555,0.8313468414779499
415,1,2,L,True,True,0.9166383893224749,0.84610565880142,0.9936243256498284,0.8507243334033172
415,1,2,R,True,True,0.906896139596032,0.829652307019462,0.9813760993274703,0.8429237947122862
415,1,3,L,True,True,0.8635905194150277,0.7599289993343687,0.9890268553277505,0.7663906914298501
415,1,3,R,True,True,0.901254275940707,0.8202573682025737,0.9922169219181521,0.8255692500522248
415,1,4,L,True,True,0.878692078403035,0.7836313839213791,0.9914390542193233,0.7889699918897
415,1,4,R,True,True,0.9280659320971065,0.8657863947852248,0.9894937917860553,0.8738191632928475
415,1,5,L,True,True,0.8717719596104012,0.7726912719784571,0.9965270684371808,0.7747776365946633
415,1,5,R,True,True,0.9057857340592415,0.8277955810423343,0.9761336515513126,0.844895851265278
415,1,6,L,True,True,0.8769272383013254,0.7808285163776493,0.987812309567337,0.7884241245136187
415,1,6,R,True,True,0.9072252374491181,0.8302033214341146,0.9608406682234597,0.859277108433735
415,1,7,L,True,True,0.9009976976208749,0.8198324022346368,0.9915540540540541,0.8255977496483825
415,1,7,R,True,True,0.9383146212414505,0.8837972529476116,0.9793911637931034,0.9005449591280654
415,1,8,L,True,True,0.9128054989816701,0.8395972368575109,0.9844865458539264,0.8508542952064547
415,1,8,R,True,True,0.9211787930062042,0.853875310416939,0.9766781282702945,0.8716477651767846
415,1,9,L,True,True,0.9107847137222902,0.8361842926707455,0.9735426660851868,0.8556279545164175
415,1,9,R,True,True,0.9327629834919869,0.8739979677091566,0.9802456629099658,0.8896678542696241
445,1,10,L,True,True,0.9116900897998631,0.8377118330496559,0.9971811134601832,0.8397003189674357
445,1,10,R,True,True,0.9089774101673754,0.8331426119296238,0.9848664186675685,0.8439469680504238
445,1,11,L,True,True,0.9135534822500097,0.8408637400228051,0.9843984648756883,0.8522210184182015
445,1,11,R,True,True,0.898873278620114,0.8163213744315311,0.9716319165998396,0.8362522646881201
445,1,12,L,True,True,0.8838862559241706,0.7919320594479831,0.9898099989385416,0.7984416474013186
445,1,12,R,True,True,0.9104377668033816,0.8355996005223938,0.9590019396931758,0.866555130656469
445,1,13,L,True,True,0.9101962226597149,0.8351927581688966,0.984554900308902,0.8462807257512974
445,1,13,R,True,True,0.8961772562070325,0.8118851158362425,0.9923390224980605,0.8170059880239521
445,1,14,L,True,True,0.9201251211560489,0.852066419158745,0.9764364860442284,0.8699545965759987
445,1,14,R,True,True,0.9156573441973134,0.8444354183590577,0.9866524292578751,0.8541934158492116
445,1,15,L,True,True,0.9057107695530361,0.8276703675344563,0.9809982983550766,0.8411555858178105
445,1,15,R,True,True,0.9177163349788591,0.8479443649007977,0.9574576192895746,0.8811426628124469
445,1,1,L,True,True,0.9100039385584876,0.8348690153568202,0.9980561555075594,0.8362287368802027
445,1,1,R,True,True,0.902844768185845,0.8228961062264489,0.9907107366601858,0.8292947558770344
445,1,2,L,True,True,0.9136395476833784,0.8410095799557848,0.9812983662940671,0.854708856019472
445,1,2,R,True,True,0.9096209912536443,0.8342245989304813,0.9871014845461182,0.843418590143481
445,1,3,L,True,True,0.8796860197591013,0.7852138197632278,0.9872417982989065,0.7932633634366609
445,1,3,R,True,True,0.9082077469174243,0.8318503308236368,0.9637853555379329,0.8586905322656618
445,1,4,L,True,True,0.882967897122768,0.7904588371707801,0.9947884094225558,0.7937458416500333
445,1,4,R,True,True,0.9146960938868454,0.842801807617818,0.981025737366147,0.8567678424938474
445,1,5,L,True,True,0.9261941448382126,0.862534079494906,0.9829926410466067,0.8756008739985434
445,1,5,R,True,True,0.9093965669792957,0.8338471523608633,0.976068376068376,0.851250621169455
445,1,6,L,True,True,0.908644771611929,0.8325838810100311,0.996481059821983,0.8350390286209888
445,1,6,R,True,True,0.9240972733971997,0.8589041095890411,0.9776507276507277,0.8761061946902655
445,1,7,L,True,True,0.9057732926543065,0.827774798927614,0.9893617021276596,0.8352088292577364
445,1,7,R,True,True,0.9148826853913341,0.8431186868686869,0.9779106663412253,0.8594872894990883
445,1,8,L,True,True,0.8691512066984075,0.7685830429732868,0.9646501457725948,0.7908574843143114
445,1,8,R,True,True,0.8996503949242523,0.8176041421510943,0.9812173421833075,0.8306037059175134
445,1,9,L,True,True,0.8929731133913495,0.8066408541593336,0.9969547563805105,0.8086332627617031
445,1,9,R,True,True,0.9291807876592264,0.8677289097457165,0.9900386004233594,0.8753715732687438
445,2,10,L,True,True,0.9295649072753209,0.8683991337664501,0.9962732919254659,0.8712292136709284
445,2,10,R,True,True,0.919837196956291,0.851572739187418,0.9888709217159707,0.8598130841121495
445,2,11,L,True,True,0.10559814841602777,0.055742211362248016,0.7234886025768087,0.05695560583599906
445,2,11,R,True,True,0.023545827156187322,0.011913166254853513,0.1965065502183406,0.012523191094619666
445,2,12,L,True,True,0.9213886021622208,0.8542359222322957,0.9847869004761352,0.865659452837893
445,2,12,R,True,True,0.9151474010861133,0.8435684276392241,0.983328123371887,0.8558084701187993
445,2,13,L,True,True,0.9251082953045009,0.8606525580793931,0.9900833002776676,0.868136167992696
445,2,13,R,True,True,0.9292135851798039,0.8677861171182631,0.9830435200307426,0.8809728798966853
445,2,14,L,True,True,0.9151683855069819,0.8436040886720229,0.9727409419411166,0.864029985782603
445,2,14,R,True,True,0.07208898484066269,0.037392278105068406,0.3950617283950617,0.0396632753189072
445,2,15,L,True,True,0.9272844272844273,0.8644271145770845,0.9821550281925769,0.8782204000221618
445,2,15,R,True,True,0.08400241733575067,0.04384265308881179,0.5305343511450382,0.045612225764110254
445,2,1,L,True,True,0.9233617178822658,0.8576341127922971,0.9865506329113924,0.8677800974251914
445,2,1,R,True,True,0.9443150046598322,0.8945045243875525,0.9684587813620071,0.921345760400091
445,2,2,L,True,True,0.16656044189504993,0.09084588644264195,0.7127272727272728,0.09429877315371663
445,2,2,R,True,True,0.9061603606064745,0.8284215784215784,0.9592249855407751,0.858659073259125
445,2,3,L,True,True,0.9322033898305084,0.873015873015873,0.9844868735083532,0.8851931330472103
445,2,3,R,True,True,0.9171417208007424,0.8469637610186092,0.9874393377105338,0.8561881188118812
445,2,4,L,True,True,0.9224216059452601,0.856013456686291,0.9788420850163493,0.8721508140531277
445,2,4,R,True,True,0.9263936496482049,0.8628801882036633,0.9844708588957055,0.8747870528109029
445,2,5,L,True,True,0.8912787766761888,0.803879963625341,0.9659442724458205,0.827328029948526
445,2,5,R,True,True,0.9096699478865083,0.834306956983537,0.9577321682584841,0.8662010659805183
445,2,6,L,True,True,0.9207891923413354,0.8532060518731989,0.9736896197327852,0.8733407079646017
445,2,6,R,True,True,0.9299571910010019,0.869084099421178,0.9811647126657698,0.8838296398891967
445,2,7,L,True,True,0.9209463358338142,0.853475935828877,0.9764785859959212,0.871390439213783
445,2,7,R,True,True,0.936920448999512,0.8813267531275106,0.9700606366851945,0.9059697970740915
445,2,8,L,True,True,0.9306567031853588,0.8703067629989341,0.9868385710448563,0.8805272618334332
445,2,8,R,True,True,0.9325586526439655,0.8736392448670249,0.9770380644167052,0.8919527293190771
445,2,9,L,True,True,0.9496382054992764,0.9041058142739047,0.9888487040385775,0.9134187082405345
445,2,9,R,True,True,0.9065770279698103,0.8291183294663573,0.980249622822658,0.8432043416705993
457,1,10,L,True,True,0.9276903576838655,0.8651329066482154,0.985290254793801,0.8764530638471874
457,1,10,R,True,True,0.9395345796836188,0.885964371571226,0.9974323386537127,0.8879896206598294
457,1,11,L,True,True,0.9323211875843455,0.8732225241736712,0.9798595844266365,0.8891820580474934
457,1,11,R,True,True,0.9256540255526262,0.8615977046209604,0.9777225601919287,0.8788508934072705
457,1,12,L,True,True,0.8942996022978348,0.8088082487411078,0.9989141164856861,0.80952
457,1,12,R,True,True,0.9236024137538427,0.858049502855934,0.9819238218205294,0.8718205918177259
457,1,13,L,True,True,0.9265107398568019,0.8630833807626637,0.9873845277336915,0.8727069994964392
457,1,13,R,True,True,0.922695246601171,0.856484893146647,0.991807825233605,0.8625872049873831
457,1,14,L,True,True,0.9251588494931368,0.8607400722021661,0.9666531522400162,0.8870802716026416
457,1,14,R,True,True,0.9186347027894127,0.849513762980056,0.9879872204472844,0.8583800588463887
457,1,15,L,True,True,0.9413489155194612,0.8891965722411406,0.9797954807850899,0.9058056646208973
457,1,15,R,True,True,0.9210036453889707,0.853574380907882,0.9945558859248712,0.8575813382443217
457,1,1,L,True,True,0.9350968932636112,0.878105141536684,0.987012987012987,0.8883693746347165
457,1,1,R,True,True,0.943010922906443,0.8921671409315561,0.9953216374269006,0.8959241991276884
457,1,2,L,True,True,0.9358102215245072,0.8793640386821833,0.9713923592250588,0.9027427225307084
457,1,2,R,True,True,0.9243188698284561,0.8592870544090057,0.9954357748315583,0.8626860048973441
457,1,3,L,True,True,0.899381247025226,0.8171596609583117,0.9599674862832758,0.8459885386819485
457,1,3,R,True,True,0.9055570763755817,0.8274137068534267,0.9823797267867749,0.8398781313473257
457,1,4,L,True,True,0.9352043455768236,0.8782946678003158,0.9850156654406756,0.8901883540563831
457,1,4,R,True,True,0.9395990973051905,0.886079118678017,0.9947997189037245,0.8902024902527984
457,1,5,L,True,True,0.9498381877022654,0.9044684129429892,0.983249581239531,0.918622848200313
457,1,5,R,True,True,0.912889796559579,0.8397398843930636,0.9779535509929317,0.8559434379142731
457,1,6,L,True,True,0.9050270806316272,0.8265291904695555,0.9790394454530451,0.841418439716312
457,1,6,R,True,True,0.9222762908894295,0.8557632008027092,0.9734626908260807,0.8762039296263002
457,1,7,L,True,True,0.9395780051150895,0.8860416038589086,0.9817392272575437,0.9008889343006028
457,1,7,R,True,True,0.9256420298774688,0.8615769190709301,0.9931564413495018,0.8667225481978206
457,1,8,L,True,True,0.9406048587010412,0.8878697117184575,0.9869940692955987,0.8983805284591344
457,1,8,R,True,True,0.9288346384154768,0.8671253493872285,0.9816234635511744,0.8814337230903726
457,1,9,L,True,True,0.8989111606038109,0.8163838633554332,0.9752986978117868,0.8336201950659782
457,1,9,R,True,True,0.9369225017358329,0.88133038585209,0.9853948994495001,0.892995316636123
45,1,10,L,True,True,0.9315964240102171,0.8719518026202544,0.9896884836643873,0.8799459563790774
45,1,10,R,True,True,0.919394828720336,0.8508147593182244,0.9572226319671268,0.8844431464174455
45,1,11,L,True,True,0.9276061234789436,0.8649864045178833,0.9797441364605544,0.8807368757320839
45,1,11,R,True,True,0.9356364602710603,0.8790572256067113,0.9861079991037419,0.8900798867428455
45,1,12,L,True,True,0.9029631021737768,0.8230927364093193,0.969595049105341,0.8449003516998828
45,1,12,R,True,True,0.8783060453400504,0.7830175438596492,0.9451126545824157,0.8203205410968976
45,1,13,L,True,True,0.9308876346844536,0.8707107549071363,0.9910416780466488,0.8776181492768346
45,1,13,R,True,True,0.9194148936170212,0.8508491262613832,0.983163642568682,0.8634297417453419
45,1,14,L,True,True,0.9233892509883534,0.8576816196903533,0.9993061979648473,0.8581926514399205
45,1,14,R,True,True,0.9391537617363737,0.8852873563218391,0.9771631565592489,0.9039906103286385
45,1,15,L,True,True,0.9253705960715399,0.8611067151975523,0.9481877323420075,0.9036257957376141
45,1,15,R,True,True,0.11117356817188183,0.05885854110177898,0.06350338922582947,0.44589178356713427
45,1,1,L,True,True,0.9498473615351068,0.904485049833887,0.9882032667876588,0.9143576826196473
45,1,1,R,True,True,0.9265066666666667,0.8630763116057234,0.9988500459981601,0.8639347523373782
45,1,2,L,True,True,0.9316106036979283,0.871976647206005,0.9959514170040485,0.8750784682988073
45,1,2,R,True,True,0.9280016363264472,0.8656744896012212,0.948171368861024,0.9086721409973963
45,1,3,L,True,True,0.8071593533487298,0.6766698935140368,0.9209486166007905,0.7183967112024666
45,1,3,R,True,True,0.8578665077473182,0.7511087920688756,0.9732927653820149,0.7669152903569526
45,1,4,L,True,True,0.9297307996832938,0.8686887368226374,0.99723991507431,0.8707823507601038
45,1,4,R,True,True,0.9476319214979473,0.900475737392959,0.9872731066138118,0.9110512129380054
45,1,5,L,True,True,0.9317807089859852,0.8722747443565503,0.9869024230517355,0.8824907280890103
45,1,5,R,True,True,0.9336269896886575,0.8755163349605708,0.9816842105263158,0.8900553540752052
45,1,6,L,True,True,0.9408078584130748,0.8882315318196354,0.9755883386020372,0.9084219133278822
45,1,6,R,True,True,0.9084918094520806,0.8323270657236501,0.9792977471077735,0.8472344161545216
45,1,7,L,True,True,0.9365333333333333,0.880641925777332,0.9814167947464021,0.8955756725742701
45,1,7,R,True,True,0.9431420458297564,0.8924018995251187,0.9852373068432672,0.9044965167827739
45,1,8,L,True,True,0.9115285060065043,0.8374390243902439,0.9934895833333334,0.8420600858369098
45,1,8,R,True,True,0.9444644356483147,0.8947727272727273,0.9725790513833992,0.9179295873163907
45,1,9,L,True,True,0.9287312673764155,0.8669451829345487,0.9661399548532731,0.894111502807155
45,1,9,R,True,True,0.926186830015314,0.8625213918996006,0.9339098208770846,0.9185905224787363
45,2,10,L,True,True,0.9377026925107474,0.8827121050763224,0.9739150869497102,0.904086678301338
45,2,10,R,True,True,0.9423854058422815,0.8910480349344978,0.9730567477348593,0.9135885381687934
45,2,11,L,True,True,0.9445123441701295,0.8948587308939324,0.9744451916610626,0.9163636363636364
45,2,11,R,True,True,0.9339587932303164,0.876100086281277,0.9655762647394447,0.9043462771642323
45,2,12,L,True,True,0.9163048198002606,0.8455374136031253,0.9697840073529411,0.8684156378600824
45,2,12,R,True,True,0.9291954490044697,0.8677544824969168,0.9696809074525602,0.8919551438322769
45,2,13,L,True,True,0.9214777884909343,0.8543892547206838,0.9756972111553784,0.8729670721383059
45,2,13,R,True,True,0.9158628732476494,0.8447850835910538,0.9778469520103761,0.8612685066715409
45,2,14,L,True,True,0.9223046822291189,0.8558120899484148,0.9718478075413752,0.8775677896466721
45,2,14,R,True,True,0.9191167718128794,0.8503386377402126,0.9698549268353953,0.873423448899949
45,2,15,L,True,True,0.8948716072865608,0.8097444723950749,0.997065536354744,0.8116788321167884
45,2,15,R,True,True,0.2722793487574979,0.15759454432734035,0.9033404406538735,0.1602976415689242
45,2,1,L,True,True,0.9215409658166034,0.8544978868987724,0.9842373667130273,0.8663538053458478
45,2,1,R,True,True,0.9338731443994602,0.8759493670886076,0.9785529106764081,0.893095289309529
45,2,2,L,True,True,0.9313657246275929,0.8715476810838979,0.9940564635958395,0.8761131482451545
45,2,2,R,True,True,0.9357533851915875,0.879263670817542,0.9544519541580958,0.9177733823113874
45,2,3,L,True,True,0.9047968314507848,0.8261451915349585,0.9492151431209603,0.8643497757847534
45,2,3,R,True,True,0.9096819787985866,0.8343271973036038,0.9825954198473282,0.8468421052631578
45,2,4,L,True,True,0.955346844620201,0.9145110410094637,0.9790611279972982,0.9327541827541828
45,2,4,R,True,True,0.952357278979203,0.909047769693135,0.9747286295793759,0.9309897942653491
45,2,5,L,True,True,0.9033183856502243,0.8236833496892378,0.9697669940304255,0.8453919758267584
45,2,5,R,True,True,0.925128595923033,0.8606876993973768,0.9766693483507642,0.8787549764748461
45,2,6,L,True,True,0.9517259278484298,0.9078979945531072,0.9881433575855565,0.9178973717146433
45,2,6,R,True,True,0.9144188327611574,0.8423311497628191,0.9912280701754386,0.8486572598998634
45,2,7,L,True,True,0.9498191968533909,0.9044339736619548,0.9868178223042446,0.9154946802005626
45,2,7,R,True,True,0.9299175876828722,0.8690149253731343,0.9771750805585392,0.8870201096892139
45,2,8,L,True,True,0.9297155151804924,0.8686620504802323,0.9516701333659611,0.908751022315691
45,2,8,R,True,True,0.9337216828478965,0.875682894257618,0.9748614677659143,0.8959135511116632
45,2,9,L,True,True,0.9197131608548932,0.8513601457763894,0.9900105948236718,0.8587370355783117
45,2,9,R,True,True,0.9198572128508434,0.8516070502851218,0.982505980861244,0.8647190419792078
47,1,10,L,True,True,0.9055887655375273,0.8274666204265649,0.9618059054721354,0.8555804571940834
47,1,10,R,True,True,0.9077190946024376,0.8310308182784272,0.9775,0.847237269772481
47,1,11,L,True,True,0.948963617007953,0.9028836987607245,0.9940960377853582,0.9077512878878639
47,1,11,R,True,True,0.9069657242141842,0.8297687861271676,0.9452370500438981,0.8716729076004452
47,1,12,L,True,True,0.8648445806491963,0.7618732782369146,0.9986999855553951,0.7626296051180234
47,1,12,R,True,True,0.9294626622358768,0.8682206864238022,0.9669928245270711,0.8947368421052632
47,1,13,L,True,True,0.8875282184494542,0.7977984099627509,0.984427522809906,0.8079954954954955
47,1,13,R,True,True,0.8772921416872732,0.7814073226544622,0.981391004454663,0.7931595145461936
47,1,14,L,True,True,0.9141760545861616,0.8419192249787262,0.9935115093465163,0.8465740801684987
47,1,14,R,True,True,0.9030462250578595,0.8232308832753606,0.9678868329310807,0.8463477547191933
47,1,15,L,True,True,0.8517902020300924,0.741841955656623,0.9949675943576058,0.7446359278703493
47,1,15,R,True,True,0.9131541099679168,0.8401872964169381,0.9824631010950643,0.8529796761970375
47,1,1,L,True,True,0.8864105741429161,0.7959940652818991,0.9944392956441149,0.7995529061102832
47,1,1,R,True,True,0.9094426308789747,0.8339246119733925,0.9786625032526672,0.84936766034327
47,1,2,L,True,True,0.8376280658180689,0.7206196581196581,0.9897285399853265,0.7260495156081809
47,1,2,R,True,True,0.8862442040185471,0.7957257840688315,0.955348217260913,0.8264629576246757
47,1,3,L,True,True,0.8584474885844748,0.752,0.9958544449562413,0.7543614794138171
47,1,3,R,True,True,0.7220032460004637,0.5649492017416545,0.9743429286608261,0.5734806629834254
47,1,4,L,True,True,0.885201358563804,0.7940459610027855,0.9739483237241084,0.8112771255780861
47,1,4,R,True,True,0.8625465068210004,0.758313647101581,0.986291656818719,0.7663911845730027
47,1,5,L,True,True,0.8811868844283756,0.787608647203031,0.9983050847457627,0.788663244811426
47,1,5,R,True,True,0.903790688092295,0.824469084758504,0.9701459531180894,0.8459313536444273
47,1,6,L,True,True,0.8948243114909782,0.8096670247046187,0.9802340702210663,0.8231054815461891
47,1,6,R,True,True,0.8247295968534907,0.7017360384856725,0.9896755162241888,0.7069110830172777
47,1,7,L,True,True,0.8736888111888111,0.775708187815289,0.9840827042993108,0.7855645795127063
47,1,7,R,True,True,0.8834825394655915,0.7912841229036601,0.9805825242718447,0.8038801144136302
47,1,8,L,True,True,0.9151309024756782,0.8435403907844853,0.9734141006225812,0.8634328358208955
47,1,8,R,True,True,0.8734615668066917,0.7753499934580662,0.9861873855882842,0.7838624338624338
47,1,9,L,True,True,0.8689123376623377,0.7682095443128812,0.9974376892615886,0.7697285637246091
47,1,9,R,True,True,0.8686526743398781,0.767803710353082,0.9586550435865504,0.7940994429544048
47,2,10,L,True,True,0.9059991974317817,0.8281522237505732,0.9840906614361992,0.8393902779068687
47,2,10,R,True,True,0.8721758599633626,0.7733261144197798,0.9746389173205959,0.7892071093102495
47,2,11,L,True,True,0.8482563619227145,0.7364975450081833,0.9998692981309633,0.7365684575389948
47,2,11,R,True,True,0.8496987279625083,0.738674944223494,0.9929586647542052,0.7425646026328621
47,2,12,L,True,True,0.8802563599502976,0.7861231164583576,0.9916015912774422,0.7913922859830668
47,2,12,R,True,True,0.8569472963723477,0.7497005988023953,0.998139782088759,0.7507495502698381
47,2,13,L,True,True,0.9192044185555187,0.8504886903099693,0.9571940411088063,0.8841151881096145
47,2,13,R,True,True,0.863839620659644,0.7603148607956046,0.9725638599810785,0.7769799708470551
47,2,14,L,True,True,0.8587199458178124,0.7524182541095484,0.9992906683480454,0.7528203301270633
47,2,14,R,True,True,0.8333211116814548,0.7142677561282212,0.9921424829753798,0.718331226295828
47,2,15,L,True,True,0.8940934536730264,0.8084710743801653,0.9576603034752814,0.8384401114206128
47,2,15,R,True,True,0.8293275424196694,0.7084197950072313,0.998227892964735,0.7093118428508468
47,2,1,L,True,True,0.922650475184794,0.8564077432001961,0.9738088604067986,0.8765989465763732
47,2,1,R,True,True,0.8938575555834695,0.8080853963206904,0.9681632653061224,0.8301446570228651
47,2,2,L,True,True,0.9065335753176044,0.829045643153527,0.9907438016528926,0.8355171452467243
47,2,2,R,True,True,0.8302848575712144,0.7098179953857985,0.973286467486819,0.7239215686274509
47,2,3,L,True,True,0.9013374685016476,0.8203952011291461,0.9843353090601186,0.8312477654629961
47,2,3,R,True,True,0.9054926143697117,0.8273060796645703,0.9786112833230006,0.8425406992260475
47,2,4,L,True,True,0.8881247134342045,0.7987628865979381,0.9770491803278688,0.8140365623030048
47,2,4,R,True,True,0.831171484015933,0.711114994757078,0.9769507803121249,0.723249200142197
47,2,5,L,True,True,0.7963195315767462,0.6615705350938151,0.9993002099370188,0.6618771726535342
47,2,5,R,True,True,0.8064124362399806,0.6756206756206756,0.9857482185273159,0.6822852445540485
47,2,6,L,True,True,0.9421130751585481,0.8905612244897959,0.9638321369409166,0.9213512800211138
47,2,6,R,True,True,0.9130243795299803,0.8399676702364114,0.9890554365929098,0.8478482561696921
47,2,7,L,True,True,0.9138631561839753,0.8413885979350592,0.9654876373626373,0.8674791730947239
47,2,7,R,True,True,0.8542234332425068,0.7455410225921522,0.9817327766179541,0.7560289389067524
47,2,8,L,True,True,0.8671889572840887,0.7655195125967397,0.9993551160791058,0.7658978583196047
47,2,8,R,True,True,0.8931128989479268,0.8068690095846646,0.9950748620961387,0.8101042502004812
47,2,9,L,True,True,0.9007173302838133,0.819368261774163,0.9917582417582418,0.8249857170062845
47,2,9,R,True,True,0.8697478991596639,0.7695167286245354,0.9877839282305784,0.7769103738177451
499,1,10,L,True,True,0.904739155360214,0.826049027305243,0.9692906131640905,0.8482486786706083
499,1,10,R,True,True,0.9195032429986425,0.8510004653327129,0.9864077669902913,0.8610980318297391
499,1,11,L,True,True,0.888131326375413,0.7987735849056604,0.9613943454070626,0.8252436647173489
499,1,11,R,True,True,0.9169245417757677,0.8465934065934065,0.9801526717557252,0.8613595706618963
499,1,12,L,True,True,0.8640290173244881,0.7606083522393077,0.9659588090918793,0.7815575893628044
499,1,12,R,True,True,0.8845534069981584,0.7930038179754412,0.9936643392810964,0.7970338104127774
499,1,13,L,True,True,0.866749430995241,0.7648347635566917,0.9880493749508609,0.7719761656121383
499,1,13,R,True,True,0.9202097378277153,0.8522115544702814,0.9807127347043045,0.8667381610882203
499,1,14,L,True,True,0.8897233304649405,0.8013528113110057,0.9951003266448903,0.8045272341428908
499,1,14,R,True,True,0.8954841073555005,0.8107480510864157,0.9991823385118561,0.8112863070539419
499,1,15,L,True,True,0.8992000910928293,0.8168606154641841,0.9817255096966683,0.8294732419515781
499,1,15,R,True,True,0.9147871222888216,0.8429563830998748,0.9912286575159023,0.849291492169124
499,1,1,L,True,True,0.8956962025316456,0.8110958276020174,0.9800554016620499,0.8247086247086247
499,1,1,R,True,True,0.9042860899290034,0.8252939764818814,0.9942179820757444,0.8292741741017603
499,1,2,L,True,True,0.9037817137386309,0.8244541484716157,0.977984977984978,0.8400444938820912
499,1,2,R,True,True,0.9154555794262605,0.8440922861803776,0.9912424740010947,0.8504343742662597
499,1,3,L,True,True,0.8974130240856378,0.813915857605178,0.9683718371837183,0.8361434338636904
499,1,3,R,True,True,0.8872473867595819,0.7973446893787575,0.9730969122592479,0.8153176229508197
499,1,4,L,True,True,0.910128991330091,0.8350795498641832,0.9755213055303718,0.8529528339278637
499,1,4,R,True,True,0.9214045004891837,0.8542632533763355,0.994368840919756,0.8584160421308487
499,1,5,L,True,True,0.8883924037778004,0.799196053352823,0.9820386169735069,0.8110513628778045
499,1,5,R,True,True,0.9098283931357254,0.8345735546651403,0.9895927601809955,0.8419634263715111
499,1,6,L,True,True,0.8785084202085004,0.7833392920986771,0.9811912225705329,0.7952813067150635
499,1,6,R,True,True,0.8917143462598008,0.8045889101338433,0.9931555345763512,0.8090751778504134
499,1,7,L,True,True,0.9052428338036537,0.8268891602224936,0.9640936412527681,0.8531634938409854
499,1,7,R,True,True,0.9188051485469116,0.8498053309374064,0.9821737625475944,0.8631178707224335
499,1,8,L,True,True,0.8967058978236571,0.8127532777115614,0.971090857305611,0.8329058263100036
499,1,8,R,True,True,0.9273186473972218,0.8644865925441465,0.9852415026833632,0.8758282533792738
499,1,9,L,True,True,0.9155220269019999,0.8442052762829768,0.9736603088101726,0.8639355271994628
499,1,9,R,True,True,0.9372017271418832,0.8818246614397719,0.9926187419768935,0.8876452862677572
499,2,10,L,True,True,0.9164743885556068,0.8458262350936968,0.9668938656280428,0.8710526315789474
499,2,10,R,True,True,0.9208285143518031,0.853273577552611,0.9903878774171662,0.8603988603988604
499,2,11,L,True,True,0.9361069836552749,0.8798882681564246,0.9690319934372437,0.9053458516957271
499,2,11,R,True,True,0.887109174782163,0.7971214738054117,0.9832410169010084,0.808100852106922
499,2,12,L,True,True,0.8854082998661312,0.7943790535671391,0.9954846478025285,0.79725168756027
499,2,12,R,True,True,0.9443318631541304,0.8945347786811202,0.9803242172998391,0.9108888122341037
499,2,13,L,True,True,0.9351465512800701,0.8781927244582043,0.9355802927231499,0.9347132118216456
499,2,13,R,True,True,0.919416412654257,0.8508517281042888,0.9836626139817629,0.8630479471081727
499,2,14,L,True,True,0.9395799880356412,0.8860451306413302,0.987949414023704,0.8957257774042502
499,2,14,R,True,True,0.8653615330491288,0.7626760049609689,0.9863194641003868,0.7708302610234479
499,2,15,L,True,True,0.8890463178490706,0.8002550710555083,0.9471679125934445,0.8376454135147162
499,2,15,R,True,True,0.9294736123438246,0.8682397959183673,0.9793540033091145,0.8844279867472228
499,2,1,L,True,True,0.917262231995602,0.8471693323178472,0.9558865654540246,0.8816380449141348
499,2,1,R,True,True,0.8825672159583695,0.7898168270723378,0.9941383352872216,0.793512164691204
499,2,2,L,True,True,0.9312094727939103,0.8712740701661831,0.9429060805024265,0.9197994987468672
499,2,2,R,True,True,0.8884838442419222,0.7993440667859273,0.9806144842721287,0.8121781278400485
499,2,3,L,True,True,0.9103468989337739,0.8354465270121278,0.9519472361809045,0.8722302158273382
499,2,3,R,True,True,0.9220072551390568,0.8553000560852496,0.9851421188630491,0.8664772727272727
499,2,4,L,True,True,0.9296049711495783,0.8684690661801294,0.9664082687338501,0.8955019668205918
499,2,4,R,True,True,0.9064558629776021,0.8289156626506025,0.9732317736670294,0.8482549317147192
499,2,5,L,True,True,0.8993872306779996,0.8171695402298851,0.9707702154896523,0.8377830970355368
499,2,5,R,True,True,0.7873745377707343,0.6493138749727728,0.9469504447268107,0.6738245931283906
499,2,6,L,True,True,0.889760348583878,0.8014128728414442,0.982360487491982,0.8131138837271038
499,2,6,R,True,True,0.9272823779193206,0.8644235526966848,0.9751604800446553,0.8838856564634455
499,2,7,L,True,True,0.8536585365853658,0.7446808510638298,0.8909676429995399,0.8193484698914116
499,2,7,R,True,True,0.930290663779462,0.8696667704764871,0.9937722419928826,0.8744324408955692
499,2,8,L,True,True,0.9184606433380433,0.8492161082078081,0.9625435540069687,0.8782387537752344
499,2,8,R,True,True,0.8118167015585019,0.6832419733750978,0.9795116474880718,0.6931479642502483
499,2,9,L,True,True,0.9234425394669835,0.8577735730053611,0.9757847533632287,0.8764298372804897
499,2,9,R,True,True,0.9409710675091453,0.8885225310095777,0.9761945834052096,0.9082009308297223
511,1,10,L,True,True,0.9143174250832409,0.842159067675322,0.9850924744897959,0.8530305122186939
511,1,10,R,True,True,0.9216843762298308,0.8547445255474453,0.9938046337944496,0.859323402069421
511,1,11,L,True,True,0.9094210346008907,0.8338882955330779,0.9826756496631376,0.846330421475483
511,1,11,R,True,True,0.9164485762274911,0.8457822638788752,0.9855498613794842,0.8564023945101474
511,1,12,L,True,True,0.8994925939213777,0.8173435171385991,0.9754335260115607,0.8345221112696148
511,1,12,R,True,True,0.9058983228970531,0.8279836708556791,0.9514348785871964,0.8645215211032177
511,1,13,L,True,True,0.9058407242314231,0.827887442251155,0.9885161225615566,0.8359272295492134
511,1,13,R,True,True,0.8959258819337214,0.8114725880024098,0.9994699740287274,0.8118219390390907
511,1,14,L,True,True,0.9416288451840645,0.8896962477665277,0.9990636704119851,0.8904387219837864
511,1,14,R,True,True,0.9134769870522635,0.8407341364763189,0.9549473892209652,0.8754585390154431
511,1,15,L,True,True,0.12724518502488638,0.06794545874740004,0.7131594906003639,0.06985446985446986
511,1,15,R,True,True,0.7019592432493122,0.5407836692327653,0.988771152933734,0.5441253263707572
511,1,1,L,True,True,0.8939882873192303,0.8082991138966933,0.9978655282817502,0.8096990690625676
511,1,1,R,True,True,0.9029607250755287,0.8230887860762283,0.9744392279603548,0.8412519702769646
511,1,2,L,True,True,0.8906794948887553,0.8029054640069384,0.9978442468337375,0.8043006081668115
511,1,2,R,True,True,0.907119980290712,0.8300270513976555,0.980037263774288,0.8443017656500803
511,1,3,L,True,True,0.9207883971736706,0.8532046864231564,0.9951768488745981,0.8567474048442907
511,1,3,R,True,True,0.929091960670908,0.8675739900626486,0.9719264278799613,0.889873698205185
511,1,4,L,True,True,0.915069018404908,0.8434352359074041,0.9902489626556017,0.8504989308624377
511,1,4,R,True,True,0.9088047220855878,0.8328525063108547,0.9888674801969599,0.840735347651984
511,1,5,L,True,True,0.8986163084152815,0.815897597977244,0.9819322936477748,0.8283330659393551
511,1,5,R,True,True,0.9081505602911598,0.8317543859649122,0.9924638894703789,0.8370409604519774
511,1,6,L,True,True,0.8784100496859473,0.7831828819792711,0.9784878863826232,0.7969042354141861
511,1,6,R,True,True,0.9088697767352967,0.8329617834394905,0.9935422602089269,0.8374959974383606
511,1,7,L,True,True,0.8865593410707601,0.7962340282447882,0.9823008849557522,0.8078235160336593
511,1,7,R,True,True,0.8712150747238466,0.7718167165553764,0.9769746429612358,0.7861163227016885
511,1,8,L,True,True,0.8990776776670043,0.8166585956416464,0.9800092980009298,0.83049345021176
511,1,8,R,True,True,0.911509936024458,0.8374076771039217,0.9862778730703259,0.8472792337648668
511,1,9,L,True,True,0.8872113108566311,0.7972864206048063,0.9908545298656759,0.8031970346345418
511,1,9,R,True,True,0.9302120627926191,0.8695293996498816,0.9824316463059919,0.8832635983263598
513,1,10,L,True,True,0.942766497461929,0.8917296843116073,0.9640539839086426,0.9223988080456916
513,1,10,R,True,True,0.9380976996639958,0.8834124376293051,0.9826722620820361,0.8973915193472617
513,1,11,L,True,True,0.9211641017827213,0.8538500649680809,0.977746150860396,0.8707725989514317
513,1,11,R,True,True,0.9162380391368065,0.8454236928624457,0.9817722766180184,0.858905290378192
513,1,12,L,True,True,0.9462531185511442,0.8979890097041974,0.9761692933401118,0.9181160719622258
513,1,12,R,True,True,0.9095066772364169,0.834032321198904,0.9930754377788135,0.8389110748636032
513,1,13,L,True,True,0.9391145822543556,0.8852177309119312,0.9634037488842606,0.9160200452634982
513,1,13,R,True,True,0.9332047685834503,0.8747740345110928,0.9757125836311978,0.8942461150776985
513,1,14,L,True,True,0.9502579000415011,0.9052298655822885,0.9828305126318372,0.9197750487776886
513,1,14,R,True,True,0.9356372492172098,0.879058618435389,0.9803556239620884,0.8948205109246183
513,1,15,L,True,True,0.8999696202531645,0.8181316051110211,0.9520911895783339,0.8532585736779447
513,1,15,R,True,True,0.9401182120428518,0.8870028928932417,0.9669807736150163,0.9147077852059521
513,1,1,L,True,True,0.8784838350055741,0.7833001988071571,0.9767585993182523,0.7981767536085085
513,1,1,R,True,True,0.7535135135135135,0.6045099739809193,0.9748251748251748,0.6140969162995594
513,1,2,L,True,True,0.936588212410037,0.8807389793305286,0.981251273690646,0.8958139534883721
513,1,2,R,True,True,0.9328676755917734,0.8741818181818182,0.9772357723577236,0.8923533778767632
513,1,3,L,True,True,0.9450946643717728,0.8959047152879752,0.9765249866619242,0.9156244789061198
513,1,3,R,True,True,0.8776409242110941,0.7819609099647549,0.9470314318975553,0.8177249120455687
513,1,4,L,True,True,0.9442901008919433,0.8944598337950138,0.9560325684678016,0.9328325870287447
513,1,4,R,True,True,0.9202754399387911,0.8523242630385488,0.9585591329295505,0.8849323131253679
513,1,5,L,True,True,0.9359550561797753,0.8796198521647307,0.9626877992405481,0.9106668749023895
513,1,5,R,True,True,0.9447301702281782,0.8952498627127952,0.9562985775040328,0.9334383051817922
513,1,6,L,True,True,0.9346578366445916,0.8773311230832987,0.9739303787762613,0.8984297637572499
513,1,6,R,True,True,0.9257469244288224,0.8617586912065439,0.9536813518406759,0.899402390438247
513,1,7,L,True,True,0.9441599124857043,0.8942262409343505,0.9803800082610492,0.9105207634027045
513,1,7,R,True,True,0.9276275665785729,0.8650236966824645,0.9620493358633776,0.8955839057899901
513,1,8,L,True,True,0.9472245782678352,0.899740399248053,0.9810639336261591,0.9156417964835565
513,1,8,R,True,True,0.9395256543513182,0.8859484986189076,0.966559735588607,0.9139626803934185
513,1,9,L,True,True,0.9321638518242046,0.8729465221950367,0.974539069359087,0.8933202181883215
513,1,9,R,True,True,0.9402009823802442,0.8871502678799218,0.9793466015771686,0.9040644769910737
53,1,10,L,True,True,0.9087071240105541,0.8326885880077369,0.940983606557377,0.8785714285714286
53,1,10,R,True,True,0.9352909189777052,0.8784473953013279,0.9739524348810872,0.899581589958159
53,1,11,L,True,True,0.8841038632045598,0.7922814982973894,1.0,0.7922814982973894
53,1,11,R,True,True,0.9279509453244762,0.86558627264061,0.9837486457204767,0.8781431334622823
53,1,12,L,True,True,0.07153284671532846,0.03709311127933384,0.18631178707224336,0.044263775971093045
53,1,12,R,True,True,0.868788386376326,0.7680157946692991,0.9860583016476553,0.7764471057884231
53,1,13,L,True,True,0.9235325794291869,0.8579289644822411,0.9896133871898442,0.8657243816254417
53,1,13,R,True,True,0.9468671679197995,0.8990956687291766,0.977743271221532,0.9178814382896016
53,1,14,L,True,True,0.8977647489923049,0.8144946808510638,0.997557003257329,0.8161225849433711
53,1,14,R,True,True,0.8968853946174781,0.8130482456140351,1.0,0.8130482456140351
53,1,15,L,True,True,0.9247311827956989,0.86,0.9835777126099706,0.872528616024974
53,1,15,R,True,True,0.9168900804289544,0.8465346534653465,0.9927431059506531,0.8518057285180572
53,1,1,L,True,True,0.9407821229050279,0.8881856540084389,0.9929245283018868,0.8938428874734607
53,1,1,R,True,True,0.9193899782135077,0.8508064516129032,0.9723502304147466,0.871900826446281
53,1,2,L,True,True,0.8640226628895185,0.7605985037406484,0.9838709677419355,0.7702020202020202
53,1,2,R,True,True,0.9052631578947369,0.8269230769230769,0.958217270194986,0.85785536159601
53,1,3,L,True,True,0.8754914809960681,0.7785547785547785,1.0,0.7785547785547785
53,1,3,R,True,True,0.8612565445026178,0.7563218390804598,1.0,0.7563218390804598
53,1,4,L,True,True,0.9127789046653144,0.8395522388059702,0.9911894273127754,0.8458646616541353
53,1,4,R,True,True,0.903921568627451,0.8246869409660107,0.9787685774946921,0.8397085610200364
53,1,5,L,True,True,0.8223234624145785,0.6982591876208898,0.9730458221024259,0.7120315581854043
53,1,5,R,True,True,0.6485753052917232,0.4799196787148594,1.0,0.4799196787148594
53,1,6,L,True,True,0.9384460141271443,0.8840304182509505,0.9528688524590164,0.9244532803180915
53,1,6,R,True,True,0.9096573208722741,0.8342857142857143,0.8690476190476191,0.954248366013072
53,1,7,L,True,True,0.9458054936896808,0.8971830985915493,0.9906687402799378,0.9048295454545454
53,1,7,R,True,True,0.9048760991207034,0.8262773722627738,0.9625850340136054,0.8536953242835595
53,1,8,L,True,True,0.7735321528424977,0.6306990881458967,0.9764705882352941,0.6404320987654321
53,1,8,R,True,True,0.8266666666666667,0.7045454545454546,0.9978540772532188,0.7056145675265554
53,1,9,L,True,True,0.1669793621013133,0.09109518935516889,0.30272108843537415,0.11528497409326424
53,1,9,R,True,True,0.8676975945017182,0.7663125948406677,0.9637404580152672,0.7890625
